1.6141e-06,2.0009e-06,2.4705e-06,3.044e-06,3.7518e-06,4.6389e-06,5.7725e-06,7.2533e-06,9.232e-06,1.1933e-05,1.5686e-05,2.0975e-05,2.85e-05,3.9263e-05,5.4684e-05,7.6759e-05,0.00010826,0.00015302,0.00021624,0.00030496,0.0004286,0.00059962,0.00083436,0.001154,0.0015858,0.0021642,0.0029326,0.0039447,0.0052662,0.0069765,0.0091702,0.011958,0.015468,0.019845,0.025249,0.031856,0.039851,0.049424,0.060764,0.07405,0.089439,0.10706,0.12699,0.14925,0.17379,0.2005,0.22914,0.25941,0.29089,0.32309,0.3554,0.38719,0.41773,0.4463,0.47218,0.49467,0.51316,0.52712,0.53613,0.53995,0.53846,0.53175,0.52005,0.50376,0.48344,0.45976,0.43353,0.40561,0.37695,0.3485,0.32125,0.29616,0.27418,0.25622,0.24314,0.23574,0.23477,0.24089,0.25471,0.2767,0.30724,0.34655,0.39471,0.45158,0.5168,0.58976,0.66958,0.7551,0.8449,0.93728,1.0303,1.1219,1.2098,1.2918,1.3656,1.4292,1.4808,1.5187,1.5419,1.5496
2.6352e-06,3.2554e-06,4.0008e-06,4.8993e-06,5.9904e-06,7.3317e-06,9.008e-06,1.1146e-05,1.3935e-05,1.7654e-05,2.2716e-05,2.972e-05,3.953e-05,5.3382e-05,7.3015e-05,0.00010086,0.00014029,0.00019589,0.00027392,0.00038274,0.00053348,0.00074078,0.0010237,0.0014069,0.0019216,0.0026076,0.0035141,0.0047021,0.0062457,0.0082342,0.010773,0.013986,0.018014,0.023018,0.029174,0.036674,0.045721,0.056521,0.069278,0.084186,0.10141,0.12109,0.1433,0.16806,0.19532,0.22492,0.25663,0.29008,0.32483,0.36031,0.39588,0.43081,0.46433,0.49565,0.52395,0.5485,0.56861,0.58371,0.59335,0.59727,0.59535,0.58768,0.57453,0.55635,0.53373,0.50745,0.47838,0.44748,0.41577,0.38433,0.35422,0.32652,0.30227,0.28245,0.26801,0.25985,0.25877,0.26551,0.28072,0.30494,0.33857,0.38187,0.4349,0.49752,0.56933,0.64965,0.73752,0.83167,0.93051,1.0322,1.1346,1.2354,1.3321,1.4223,1.5036,1.5736,1.6303,1.672,1.6975,1.706
4.2671e-06,5.2567e-06,6.4361e-06,7.8426e-06,9.5271e-06,1.1563e-05,1.4056e-05,1.7165e-05,2.1125e-05,2.6284e-05,3.3153e-05,4.2473e-05,5.531e-05,7.3181e-05,9.8215e-05,0.00013337,0.00018273,0.00025183,0.00034813,0.0004816,0.00066539,0.00091666,0.0012577,0.0017168,0.0023303,0.0031433,0.0042118,0.0056047,0.0074052,0.0097128,0.012645,0.016337,0.020946,0.026646,0.03363,0.042106,0.052291,0.064408,0.078675,0.095295,0.11445,0.13626,0.16083,0.18816,0.21817,0.25071,0.28549,0.32212,0.3601,0.39882,0.43757,0.47556,0.51196,0.54589,0.5765,0.60296,0.62455,0.64065,0.6508,0.65468,0.65221,0.64348,0.62879,0.60863,0.58368,0.55475,0.52281,0.4889,0.45416,0.41973,0.38679,0.35649,0.32998,0.30832,0.29255,0.28363,0.28244,0.2898,0.30639,0.3328,0.36948,0.41668,0.4745,0.54276,0.62102,0.70856,0.80432,0.90692,1.0146,1.1254,1.2369,1.3467,1.4521,1.5504,1.6389,1.7151,1.7768,1.8223,1.85,1.8591
6.85e-06,8.4197e-06,1.0278e-05,1.2474e-05,1.5073e-05,1.8168e-05,2.189e-05,2.6437e-05,3.2099e-05,3.9304e-05,4.8682e-05,6.1145e-05,7.8004e-05,0.00010111,0.00013308,0.0001775,0.00023929,0.00032515,0.00044399,0.00060765,0.00083166,0.0011362,0.0015471,0.0020973,0.0028282,0.0037914,0.0050505,0.0066826,0.0087808,0.011456,0.014836,0.019072,0.024332,0.030807,0.038704,0.048246,0.059664,0.073194,0.089065,0.10749,0.12865,0.15268,0.17966,0.20959,0.24238,0.27784,0.31565,0.3554,0.39652,0.43836,0.48016,0.52105,0.56013,0.59649,0.62918,0.65735,0.68021,0.69712,0.70757,0.71127,0.7081,0.69819,0.68187,0.65967,0.63233,0.60075,0.56595,0.52908,0.49135,0.45399,0.41828,0.38547,0.35676,0.33332,0.31626,0.30662,0.30534,0.31328,0.3312,0.35973,0.39932,0.45029,0.51269,0.58636,0.67081,0.76527,0.86858,0.97924,1.0954,1.2149,1.3352,1.4536,1.5672,1.6731,1.7685,1.8506,1.9171,1.9661,1.9959,2.0057
1.0898e-05,1.3371e-05,1.6283e-05,1.9698e-05,2.3701e-05,2.8406e-05,3.3977e-05,4.0654e-05,4.8793e-05,5.8916e-05,7.1793e-05,8.8541e-05,0.00011076,0.00014072,0.00018158,0.00023771,0.00031507,0.00042168,0.00056822,0.00076875,0.0010416,0.0014104,0.0019054,0.0025644,0.0034351,0.0045762,0.0060593,0.0079712,0.010415,0.013513,0.017407,0.02226,0.028254,0.035594,0.044501,0.05521,0.067966,0.083013,0.10059,0.12091,0.14416,0.17047,0.1999,0.23246,0.26801,0.30634,0.34712,0.38986,0.43397,0.47875,0.52336,0.5669,0.60841,0.6469,0.6814,0.71098,0.73484,0.75229,0.76281,0.7661,0.76207,0.75084,0.73279,0.70851,0.67877,0.64455,0.60696,0.5672,0.52657,0.48641,0.44805,0.41283,0.38204,0.35693,0.33866,0.32834,0.32698,0.33549,0.35466,0.38518,0.42752,0.48201,0.54871,0.62742,0.71765,0.81854,0.92888,1.0471,1.1711,1.2986,1.427,1.5534,1.6746,1.7876,1.8894,1.977,2.0479,2.1,2.1317,2.1421
1.7179e-05,2.1048e-05,2.5581e-05,3.0866e-05,3.7008e-05,4.4151e-05,5.2493e-05,6.2323e-05,7.4071e-05,8.8368e-05,0.00010615,0.00012876,0.00015815,0.00019707,0.00024936,0.0003203,0.00041707,0.00054931,0.00072977,0.00097517,0.0013071,0.0017534,0.002349,0.003138,0.0041747,0.005526,0.0072727,0.0095117,0.012358,0.015945,0.020428,0.025983,0.032807,0.041116,0.051143,0.063136,0.077347,0.094028,0.11342,0.13574,0.16116,0.1898,0.22173,0.2569,0.29518,0.33631,0.37992,0.42549,0.47239,0.51984,0.56698,0.61284,0.65643,0.69669,0.73261,0.76325,0.78775,0.80541,0.81572,0.81835,0.81324,0.80054,0.78066,0.75424,0.72211,0.6853,0.64499,0.60247,0.5591,0.51629,0.47546,0.43801,0.40531,0.37866,0.35929,0.34836,0.34694,0.35598,0.37632,0.40866,0.45352,0.51121,0.5818,0.6651,0.76055,0.86725,0.98392,1.1088,1.2399,1.3747,1.5104,1.6438,1.7719,1.8912,1.9986,2.0911,2.1659,2.2208,2.2542,2.2649
2.6827e-05,3.2829e-05,3.9838e-05,4.7966e-05,5.7349e-05,6.816e-05,8.0638e-05,9.5126e-05,0.00011213,0.00013241,0.00015707,0.00018773,0.00022675,0.00027743,0.00034441,0.00043405,0.00055499,0.00071875,0.00094057,0.0012403,0.0016434,0.0021825,0.0028983,0.0038416,0.0050749,0.0066741,0.0087302,0.011352,0.014665,0.018818,0.023978,0.030335,0.038098,0.047495,0.058772,0.072181,0.087983,0.10643,0.12776,0.15218,0.17986,0.21091,0.24536,0.28314,0.32408,0.36791,0.41419,0.46238,0.51178,0.56159,0.6109,0.65869,0.70392,0.7455,0.78241,0.81365,0.83837,0.85585,0.86558,0.86726,0.86083,0.84648,0.82466,0.79605,0.76154,0.72221,0.67931,0.63418,0.58826,0.54303,0.49995,0.46049,0.42608,0.39807,0.37774,0.3663,0.36486,0.3744,0.3958,0.42976,0.47684,0.53735,0.61137,0.69866,0.79864,0.91039,1.0325,1.1633,1.3004,1.4414,1.5833,1.7228,1.8567,1.9814,2.0936,2.1901,2.2681,2.3254,2.3601,2.3711
4.1494e-05,5.0729e-05,6.148e-05,7.3897e-05,8.815e-05,0.00010445,0.00012307,0.00014441,0.00016906,0.0001979,0.00023224,0.00027401,0.00032599,0.00039214,0.00047802,0.00059126,0.00074217,0.00094456,0.0012165,0.0015816,0.0020699,0.0027194,0.0035778,0.0047037,0.0061686,0.0080589,0.010477,0.013544,0.017401,0.022207,0.028145,0.035417,0.044246,0.054871,0.067543,0.082523,0.10007,0.12043,0.14384,0.1705,0.20054,0.23406,0.27106,0.31143,0.35497,0.40136,0.45013,0.50068,0.55228,0.60408,0.65513,0.70438,0.75075,0.79314,0.8305,0.86183,0.88627,0.90312,0.91187,0.91224,0.90421,0.88801,0.86412,0.83326,0.79638,0.75462,0.70928,0.66174,0.61351,0.5661,0.52104,0.47984,0.44397,0.41481,0.39371,0.38188,0.38046,0.39047,0.41281,0.44819,0.49716,0.56006,0.63693,0.72754,0.83128,0.94716,1.0738,1.2093,1.3513,1.4973,1.6442,1.7886,1.927,2.056,2.1719,2.2716,2.3521,2.4111,2.4467,2.4579
6.356e-05,7.7647e-05,9.4005e-05,0.00011283,0.00013434,0.00015878,0.00018647,0.00021785,0.00025359,0.00029469,0.00034267,0.00039975,0.00046923,0.00055579,0.00066602,0.00080901,0.00099705,0.0012465,0.001579,0.0020222,0.0026116,0.0033918,0.004418,0.0057583,0.0074945,0.0097248,0.012565,0.016149,0.020633,0.026193,0.033023,0.041342,0.051381,0.063391,0.077627,0.094352,0.11382,0.13628,0.16193,0.19096,0.22349,0.25956,0.29915,0.3421,0.38817,0.43698,0.48803,0.54066,0.59411,0.64748,0.69979,0.74997,0.79693,0.83955,0.87677,0.9076,0.93121,0.9469,0.95421,0.95288,0.94294,0.92464,0.89853,0.86536,0.82614,0.78205,0.73441,0.68469,0.6344,0.58511,0.53837,0.49574,0.45869,0.42866,0.40698,0.3949,0.39359,0.40405,0.4272,0.46377,0.5143,0.5791,0.65824,0.75143,0.85805,0.97708,1.1071,1.2461,1.3918,1.5414,1.6919,1.8398,1.9815,2.1134,2.2319,2.3337,2.4159,2.4759,2.512,2.523
9.6412e-05,0.00011771,0.00014238,0.00017071,0.00020294,0.00023937,0.00028035,0.00032635,0.0003781,0.00043671,0.00050386,0.00058212,0.00067528,0.00078882,0.00093048,0.001111,0.0013449,0.0016516,0.0020565,0.0025924,0.0033009,0.0042342,0.0054566,0.0070464,0.0090977,0.011722,0.01505,0.019232,0.024439,0.030863,0.038714,0.048224,0.059637,0.073208,0.089199,0.10787,0.12946,0.15421,0.1823,0.21388,0.24903,0.28776,0.32998,0.37551,0.42404,0.47514,0.52824,0.58266,0.63759,0.69209,0.74515,0.7957,0.84262,0.88483,0.92126,0.95097,0.97312,0.98709,0.99245,0.98898,0.97677,0.95611,0.9276,0.89206,0.8505,0.80417,0.75442,0.70274,0.65068,0.59983,0.55175,0.50801,0.47011,0.43949,0.41747,0.40534,0.40422,0.41515,0.43901,0.47654,0.52827,0.5945,0.67526,0.77026,0.87885,0.99997,1.1321,1.2734,1.4213,1.5732,1.7258,1.8756,2.0191,2.1526,2.2725,2.3753,2.4582,2.5185,2.5545,2.5651
0.00014481,0.0001767,0.0002136,0.00025585,0.00030379,0.00035773,0.00041803,0.00048519,0.00055995,0.00064346,0.00073756,0.00084509,0.00097035,0.0011196,0.0013019,0.0015298,0.0018203,0.0021962,0.0026874,0.0033324,0.00418,0.005291,0.00674,0.0086177,0.011032,0.014109,0.017997,0.022863,0.028896,0.036306,0.04532,0.056183,0.069148,0.084479,0.10244,0.12327,0.14722,0.17448,0.20522,0.23955,0.27749,0.319,0.36395,0.41207,0.463,0.51625,0.5712,0.62711,0.68312,0.73829,0.79157,0.84188,0.88814,0.92925,0.96421,0.9921,1.0122,1.0238,1.0266,1.0206,1.0057,0.98237,0.95127,0.91325,0.86936,0.82088,0.76919,0.7158,0.66227,0.61018,0.56112,0.51665,0.47825,0.44735,0.42528,0.41329,0.4125,0.42392,0.44843,0.48673,0.53933,0.60651,0.68827,0.78431,0.89393,1.0161,1.1492,1.2913,1.4401,1.5926,1.7458,1.8961,2.0399,2.1735,2.2933,2.3959,2.4784,2.5383,2.5737,2.5835
0.00021535,0.00026267,0.00031734,0.00037983,0.00045054,0.00052981,0.00061799,0.00071555,0.00082314,0.00094192,0.0010738,0.0012217,0.0013905,0.0015873,0.0018223,0.0021099,0.0024701,0.0029294,0.0035228,0.0042952,0.0053035,0.0066186,0.0083269,0.010533,0.01336,0.016952,0.021476,0.027118,0.034089,0.042615,0.052943,0.065331,0.080044,0.097348,0.1175,0.14075,0.1673,0.19733,0.23097,0.26826,0.30919,0.35364,0.40141,0.45216,0.50546,0.56075,0.61735,0.67445,0.73118,0.78654,0.83949,0.88897,0.93389,0.97322,1.006,1.0314,1.0486,1.0573,1.057,1.0478,1.0299,1.0036,0.96969,0.92906,0.88284,0.83229,0.77883,0.72396,0.66925,0.61628,0.56662,0.52179,0.48327,0.45245,0.43063,0.41903,0.41875,0.43075,0.45587,0.49479,0.54797,0.61566,0.69784,0.79416,0.90392,1.026,1.1589,1.3006,1.4487,1.6004,1.7525,1.9017,2.0442,2.1764,2.2947,2.3959,2.477,2.5355,2.5696,2.5783
0.00031709,0.00038663,0.00046688,0.00055846,0.00066187,0.00077746,0.00090552,0.0010464,0.0012005,0.001369,0.0015535,0.0017572,0.0019851,0.0022449,0.0025483,0.0029115,0.0033576,0.0039172,0.0046308,0.0055507,0.0067429,0.0082895,0.01029,0.012866,0.016157,0.020328,0.025565,0.03208,0.040101,0.049881,0.061681,0.075776,0.092441,0.11195,0.13454,0.16046,0.18989,0.22296,0.25975,0.30026,0.3444,0.39198,0.44269,0.49615,0.55181,0.60905,0.66711,0.72514,0.78222,0.83732,0.88943,0.93746,0.98039,1.0172,1.0471,1.0692,1.083,1.088,1.0841,1.0712,1.0497,1.0202,0.9832,0.93985,0.89125,0.8387,0.78362,0.72752,0.67193,0.61843,0.56854,0.52375,0.48551,0.45515,0.43393,0.42302,0.42346,0.43617,0.46194,0.50138,0.55493,0.62278,0.70486,0.80079,0.90984,1.0309,1.1624,1.3024,1.4484,1.5978,1.7474,1.8938,2.0334,2.1627,2.2782,2.3766,2.4552,2.5114,2.5436,2.5507
0.00046224,0.00056344,0.00068013,0.00081314,0.00096304,0.0011302,0.0013147,0.0015168,0.0017365,0.0019744,0.0022321,0.0025123,0.0028201,0.0031639,0.0035562,0.0040154,0.0045673,0.0052472,0.0061016,0.0071908,0.0085911,0.010397,0.012724,0.015709,0.019514,0.024326,0.030355,0.037835,0.047023,0.05819,0.071623,0.087611,0.10644,0.12838,0.15367,0.18254,0.21512,0.25153,0.29176,0.33576,0.38335,0.43425,0.48808,0.54432,0.60237,0.6615,0.72088,0.7796,0.83669,0.89112,0.94186,0.98787,1.0282,1.0618,1.0881,1.1063,1.1159,1.1166,1.1084,1.0913,1.0659,1.0326,0.99236,0.94613,0.8951,0.8406,0.78405,0.72693,0.67076,0.61707,0.56734,0.52302,0.48546,0.45597,0.43574,0.42586,0.4273,0.44093,0.46745,0.50742,0.56121,0.62895,0.71052,0.80549,0.91311,1.0322,1.1613,1.2984,1.4411,1.5867,1.7323,1.8744,2.0096,2.1345,2.2457,2.3402,2.415,2.468,2.4975,2.5026
0.00066711,0.00081296,0.00098101,0.0011724,0.0013877,0.0016273,0.0018912,0.0021789,0.00249,0.0028245,0.0031831,0.003568,0.0039839,0.0044392,0.0049473,0.0055282,0.0062108,0.0070348,0.0080534,0.0093354,0.010968,0.013061,0.015745,0.019178,0.023544,0.029053,0.035945,0.04448,0.054942,0.06763,0.08285,0.10091,0.12211,0.14671,0.17496,0.20704,0.24308,0.2831,0.32708,0.37485,0.42614,0.4806,0.53771,0.59687,0.65735,0.71834,0.77892,0.83813,0.89494,0.94831,0.99722,1.0407,1.0777,1.1076,1.1296,1.1431,1.1479,1.1436,1.1305,1.1088,1.0789,1.0417,0.99784,0.94857,0.89506,0.83865,0.78075,0.72282,0.66636,0.61282,0.56364,0.52019,0.48378,0.4556,0.43678,0.42832,0.43112,0.44594,0.47343,0.51403,0.56805,0.63554,0.71632,0.80991,0.91551,1.0319,1.1577,1.2908,1.429,1.5696,1.7097,1.8461,1.9755,2.0946,2.2002,2.2893,2.3593,2.4081,2.4342,2.4366
0.00095315,0.0011613,0.001401,0.0016736,0.0019801,0.0023206,0.0026947,0.0031012,0.0035388,0.0040063,0.0045032,0.0050306,0.005592,0.0061953,0.0068542,0.00759,0.0084341,0.0094309,0.01064,0.01214,0.01403,0.016434,0.019503,0.023416,0.028381,0.034638,0.042454,0.052122,0.063955,0.07828,0.095429,0.11573,0.13949,0.16698,0.19842,0.23399,0.27375,0.31769,0.36569,0.41751,0.47278,0.53102,0.59161,0.65382,0.71681,0.77966,0.84137,0.90089,0.95717,1.0092,1.0558,1.0962,1.1295,1.155,1.1721,1.1803,1.1796,1.1699,1.1513,1.1244,1.0897,1.0481,1.0004,0.94795,0.89189,0.83359,0.77446,0.71593,0.65944,0.6064,0.55816,0.51603,0.48121,0.45483,0.43789,0.43132,0.4359,0.4523,0.48105,0.52252,0.5769,0.64416,0.72404,0.81599,0.91915,1.0324,1.1541,1.2824,1.415,1.5495,1.683,1.8124,1.9346,2.0465,2.1452,2.2277,2.2918,2.3354,2.3572,2.3563
0.0013482,0.0016423,0.0019808,0.0023656,0.0027977,0.0032772,0.0038028,0.0043725,0.0049835,0.0056329,0.0063179,0.0070378,0.0077942,0.0085935,0.0094486,0.010382,0.011426,0.01263,0.01406,0.015804,0.017975,0.020712,0.024187,0.028603,0.034196,0.041236,0.050022,0.060881,0.07416,0.090219,0.10942,0.1321,0.15859,0.18915,0.22401,0.2633,0.30704,0.35516,0.40745,0.46359,0.52309,0.58534,0.6496,0.71501,0.7806,0.84534,0.90813,0.96785,1.0234,1.0737,1.1178,1.1547,1.1838,1.2044,1.216,1.2184,1.2117,1.1959,1.1714,1.1388,1.0989,1.0526,1.0009,0.94508,0.88641,0.82625,0.766,0.70707,0.65082,0.59861,0.55172,0.51135,0.47862,0.45454,0.44002,0.43586,0.44273,0.4612,0.49166,0.53436,0.58939,0.65661,0.73565,0.82589,0.92643,1.036,1.1532,1.276,1.4024,1.5297,1.6555,1.7768,1.8906,1.9942,2.0847,2.1595,2.2165,2.2539,2.2705,2.2656
0.0018879,0.0022993,0.0027726,0.0033104,0.0039139,0.0045827,0.0053147,0.0061064,0.0069528,0.0078483,0.0087873,0.0097656,0.010782,0.011839,0.01295,0.014134,0.015426,0.016879,0.018565,0.020582,0.023055,0.026142,0.030036,0.034966,0.041199,0.049037,0.058816,0.070899,0.085672,0.10353,0.12485,0.15002,0.17937,0.21317,0.25161,0.29481,0.34275,0.39527,0.4521,0.51279,0.57674,0.6432,0.71131,0.78006,0.84834,0.91501,0.97886,1.0387,1.0934,1.1418,1.183,1.2162,1.2406,1.2558,1.2615,1.2577,1.2445,1.2222,1.1913,1.1527,1.1073,1.056,1.0001,0.94077,0.87945,0.81748,0.75623,0.69708,0.64136,0.59033,0.54519,0.50705,0.47692,0.4557,0.44418,0.44304,0.45282,0.47393,0.50667,0.55113,0.60726,0.6748,0.75327,0.84197,0.93989,1.0458,1.1581,1.275,1.3945,1.514,1.6312,1.7434,1.8479,1.9419,2.0231,2.0891,2.1379,2.1681,2.1786,2.1689
0.0026172,0.003187,0.0038423,0.0045865,0.0054211,0.0063451,0.0073553,0.0084457,0.0096085,0.010834,0.012113,0.013435,0.014795,0.016192,0.017633,0.019137,0.020737,0.02249,0.024472,0.026791,0.029585,0.033032,0.037346,0.042786,0.049649,0.058275,0.069039,0.082345,0.098618,0.11829,0.14178,0.16949,0.20177,0.23889,0.28104,0.32829,0.38057,0.43767,0.4992,0.56462,0.63319,0.70404,0.77614,0.84834,0.9194,0.98804,1.053,1.1129,1.1665,1.2129,1.2511,1.2802,1.2997,1.3093,1.3088,1.2983,1.2782,1.249,1.2115,1.1666,1.1153,1.0589,0.9986,0.93577,0.8718,0.80807,0.74597,0.68682,0.6319,0.58241,0.53945,0.50404,0.47706,0.4593,0.45143,0.45398,0.46737,0.49185,0.52756,0.57445,0.63231,0.70074,0.77913,0.86664,0.96221,1.0645,1.172,1.2828,1.3949,1.5062,1.6142,1.7165,1.8106,1.8943,1.9651,2.0211,2.0608,2.0827,2.0862,2.0708
0.0035918,0.0043731,0.0052714,0.0062912,0.0074341,0.0086986,0.010079,0.011568,0.013152,0.014816,0.016545,0.018322,0.020134,0.021973,0.02384,0.02575,0.027734,0.029848,0.032173,0.034825,0.037957,0.041764,0.046485,0.052409,0.059867,0.069239,0.080942,0.095424,0.11315,0.13461,0.16024,0.19048,0.22569,0.26615,0.31204,0.36339,0.4201,0.48185,0.54818,0.61843,0.69173,0.76706,0.84324,0.91897,0.99287,1.0635,1.1295,1.1894,1.2421,1.2863,1.3213,1.3462,1.3606,1.3643,1.3573,1.34,1.3128,1.2766,1.2322,1.1808,1.1235,1.0619,0.99711,0.93072,0.86414,0.79877,0.73598,0.67707,0.62327,0.57569,0.53536,0.50318,0.47994,0.4663,0.46279,0.4698,0.48759,0.51627,0.55579,0.60594,0.66633,0.73641,0.81539,0.90232,0.996,1.095,1.1979,1.3026,1.4074,1.51,1.6084,1.7003,1.7834,1.8557,1.9153,1.9605,1.9899,2.0025,1.9979,1.9759
0.0048801,0.0059406,0.0071597,0.0085432,0.010093,0.011807,0.013676,0.015689,0.017827,0.020068,0.022387,0.024759,0.02716,0.029573,0.031988,0.034412,0.036873,0.039423,0.042146,0.045166,0.048647,0.052804,0.057902,0.064258,0.072244,0.08228,0.094828,0.11039,0.12947,0.1526,0.18027,0.21294,0.251,0.29474,0.34431,0.39972,0.46081,0.5272,0.59833,0.67341,0.75144,0.83127,0.91156,0.99084,1.0676,1.1402,1.2073,1.2672,1.3188,1.3609,1.3926,1.4132,1.4224,1.4202,1.4066,1.3823,1.348,1.3046,1.2533,1.1953,1.1321,1.0652,0.996,0.92613,0.85705,0.79019,0.72693,0.66854,0.61618,0.57093,0.53371,0.50533,0.48646,0.47763,0.47925,0.49156,0.51465,0.54845,0.59274,0.64713,0.71103,0.78368,0.86414,0.95128,1.0438,1.1402,1.2387,1.3377,1.4352,1.5292,1.6177,1.6987,1.7703,1.8306,1.8781,1.9115,1.9297,1.932,1.9183,1.8885
0.0065642,0.0079894,0.0096272,0.011485,0.013566,0.015866,0.018373,0.021069,0.023929,0.026921,0.030007,0.033151,0.036313,0.039462,0.042576,0.045651,0.048703,0.05178,0.054967,0.05839,0.062228,0.066713,0.072134,0.078844,0.087252,0.097823,0.11107,0.12754,0.1478,0.17242,0.20194,0.23686,0.27758,0.3244,0.37748,0.43679,0.50211,0.57301,0.6488,0.7286,0.81127,0.89551,0.97982,1.0626,1.1421,1.2168,1.2848,1.3448,1.3953,1.4352,1.4636,1.48,1.484,1.4759,1.4558,1.4246,1.3832,1.3327,1.2745,1.2101,1.141,1.0689,0.9955,0.92231,0.85093,0.78282,0.71936,0.66181,0.61129,0.5688,0.5352,0.5112,0.49737,0.49411,0.50169,0.5202,0.54955,0.58952,0.63966,0.69939,0.7679,0.84422,0.92722,1.0156,1.1078,1.2023,1.2973,1.391,1.4815,1.567,1.6456,1.7155,1.7751,1.8228,1.8576,1.8783,1.8843,1.8753,1.8514,1.8128
0.0087417,0.010637,0.012816,0.015287,0.018053,0.021108,0.024438,0.028015,0.031805,0.035763,0.039836,0.043969,0.048106,0.052194,0.056195,0.060085,0.06387,0.067585,0.071312,0.075181,0.079377,0.084153,0.089823,0.096773,0.10545,0.11638,0.13011,0.14725,0.16843,0.19427,0.22535,0.26222,0.3053,0.35491,0.41119,0.4741,0.54336,0.61847,0.69867,0.78293,0.87001,0.95845,1.0466,1.1327,1.2149,1.2914,1.3604,1.4204,1.4698,1.5075,1.5328,1.545,1.5441,1.5301,1.5038,1.4659,1.4176,1.3602,1.2954,1.2247,1.15,1.0731,0.99565,0.91942,0.84603,0.77698,0.71367,0.65734,0.60908,0.56985,0.54042,0.52143,0.51333,0.51643,0.53084,0.5565,0.59317,0.6404,0.69757,0.76383,0.83818,0.91941,1.0061,1.0968,1.1898,1.2834,1.3756,1.4647,1.5488,1.6261,1.6949,1.7537,1.801,1.8358,1.8571,1.8644,1.8574,1.836,1.8008,1.7523
0.011526,0.014022,0.01689,0.020143,0.023783,0.027803,0.032181,0.036882,0.041857,0.047044,0.052373,0.057763,0.063135,0.068411,0.073526,0.078435,0.083122,0.087609,0.091968,0.096327,0.10088,0.10589,0.11171,0.11875,0.12751,0.13854,0.15248,0.16998,0.19173,0.2184,0.25065,0.28904,0.33406,0.38601,0.44505,0.51111,0.58387,0.66277,0.74694,0.83527,0.92638,1.0187,1.1103,1.1995,1.2841,1.3623,1.4322,1.492,1.5404,1.5761,1.5983,1.6065,1.6008,1.5814,1.5491,1.5048,1.45,1.3862,1.3151,1.2387,1.1588,1.0774,0.99633,0.91745,0.84245,0.77287,0.71013,0.65546,0.60995,0.57449,0.54982,0.53649,0.53486,0.54513,0.56727,0.60108,0.64613,0.70179,0.76719,0.84128,0.92278,1.0102,1.102,1.1963,1.2913,1.385,1.4754,1.5607,1.639,1.7086,1.7679,1.8155,1.8505,1.872,1.8794,1.8726,1.8517,1.817,1.7694,1.7097
0.015046,0.018301,0.022039,0.026277,0.03102,0.036256,0.041955,0.048072,0.05454,0.061277,0.068185,0.075156,0.082077,0.08884,0.095344,0.10152,0.10731,0.11273,0.11782,0.12273,0.12763,0.13281,0.13864,0.14558,0.15416,0.165,0.17879,0.19624,0.21811,0.24514,0.27803,0.31741,0.36378,0.4175,0.4787,0.54731,0.62297,0.70506,0.79262,0.88445,0.97905,1.0747,1.1694,1.2612,1.348,1.4276,1.4982,1.5579,1.6051,1.6388,1.6582,1.6627,1.6525,1.6281,1.5902,1.5401,1.4793,1.4096,1.3329,1.2512,1.1667,1.0814,0.99724,0.91624,0.84014,0.77053,0.70886,0.65637,0.61413,0.58301,0.56371,0.55671,0.56229,0.58055,0.61133,0.65428,0.7088,0.77405,0.84893,0.93215,1.0221,1.1172,1.2153,1.3146,1.4128,1.5078,1.5976,1.68,1.7533,1.8157,1.8659,1.9026,1.9252,1.9331,1.9262,1.9047,1.8691,1.8202,1.7591,1.6872
0.019449,0.023648,0.028471,0.033939,0.040056,0.046807,0.054154,0.062035,0.070362,0.079028,0.087901,0.096837,0.10568,0.11429,0.12251,0.13023,0.13737,0.14391,0.14987,0.15538,0.16061,0.16588,0.17157,0.17817,0.18627,0.19654,0.20973,0.22664,0.24808,0.27486,0.30776,0.34745,0.39447,0.44922,0.51184,0.58223,0.66003,0.74454,0.83475,0.92936,1.0268,1.1251,1.2223,1.3163,1.4047,1.4855,1.5564,1.6158,1.662,1.6938,1.7104,1.7116,1.6974,1.6684,1.6255,1.5702,1.5042,1.4293,1.3477,1.2615,1.173,1.0845,0.998,0.91553,0.83894,0.7699,0.70987,0.66013,0.62174,0.59556,0.58226,0.58226,0.59579,0.62283,0.66314,0.71621,0.78125,0.85722,0.9428,1.0364,1.1362,1.2402,1.3461,1.4516,1.5544,1.652,1.7421,1.8227,1.8917,1.9477,1.9892,2.0154,2.0257,2.0199,1.9983,1.9616,1.9106,1.8467,1.7712,1.6858
0.024893,0.030258,0.036418,0.043401,0.051211,0.059829,0.069204,0.079257,0.089874,0.10091,0.1122,0.12355,0.13476,0.14562,0.15594,0.16556,0.17433,0.18221,0.18918,0.19536,0.20092,0.20616,0.21152,0.2175,0.22476,0.23402,0.2461,0.26186,0.28222,0.30804,0.34018,0.37936,0.42619,0.48109,0.54422,0.61548,0.69449,0.7805,0.87244,0.96894,1.0683,1.1686,1.2675,1.363,1.4526,1.534,1.6051,1.6639,1.709,1.739,1.7532,1.7513,1.7336,1.7006,1.6535,1.5938,1.5233,1.4441,1.3584,1.2687,1.1772,1.0863,0.99817,0.915,0.83865,0.77086,0.71312,0.66675,0.63282,0.61219,0.6055,0.61317,0.63534,0.67194,0.72259,0.78667,0.86321,0.95096,1.0484,1.1536,1.2644,1.3786,1.4936,1.6067,1.7152,1.8165,1.9082,1.9879,2.0536,2.1038,2.1372,2.1532,2.1513,2.1319,2.0955,2.0431,1.9762,1.8964,1.8056,1.7058
0.031553,0.038337,0.046126,0.054952,0.064824,0.075713,0.087558,0.10025,0.11366,0.12758,0.14181,0.1561,0.17017,0.18377,0.19663,0.20852,0.21926,0.22873,0.23689,0.2438,0.24967,0.25478,0.25958,0.26462,0.27062,0.27835,0.28871,0.30265,0.32116,0.3452,0.37568,0.41343,0.45908,0.51311,0.5757,0.64677,0.7259,0.81234,0.90496,1.0023,1.1026,1.2039,1.3038,1.4,1.49,1.5716,1.6424,1.7006,1.7444,1.7727,1.7847,1.7803,1.7595,1.7233,1.6727,1.6095,1.5355,1.453,1.3643,1.2719,1.1784,1.0861,0.99734,0.91433,0.83904,0.77325,0.71851,0.67617,0.64733,0.63285,0.63339,0.64932,0.68078,0.7276,0.78933,0.8652,0.9541,1.0546,1.1648,1.2826,1.4057,1.5312,1.6564,1.7782,1.8937,1.9999,2.0941,2.1738,2.2371,2.2823,2.3082,2.3143,2.3006,2.2675,2.2162,2.1479,2.0647,1.9684,1.8615,1.7464
0.039611,0.048102,0.05785,0.068895,0.081246,0.094867,0.10968,0.12555,0.1423,0.1597,0.17746,0.19527,0.21279,0.22967,0.24557,0.26018,0.27325,0.28459,0.29413,0.30188,0.30803,0.31286,0.31685,0.3206,0.32485,0.33048,0.33844,0.34979,0.36559,0.38691,0.41475,0.44999,0.49336,0.54537,0.60624,0.67592,0.75397,0.83962,0.93173,1.0288,1.129,1.2301,1.33,1.4261,1.5159,1.597,1.6671,1.7243,1.7668,1.7935,1.8036,1.797,1.7738,1.735,1.6819,1.6161,1.5397,1.455,1.3644,1.2706,1.1762,1.0835,0.99517,0.91329,0.83994,0.77697,0.72597,0.68834,0.66521,0.65747,0.66578,0.69052,0.7318,0.7894,0.86279,0.95108,1.053,1.1669,1.2907,1.422,1.5581,1.696,1.8323,1.9639,2.0873,2.1993,2.297,2.3777,2.4393,2.4802,2.4992,2.4959,2.4706,2.4242,2.3579,2.2737,2.1738,2.0607,1.9372,1.806
0.049254,0.059776,0.071852,0.085533,0.10083,0.1177,0.13603,0.15568,0.1764,0.19792,0.21987,0.24186,0.26346,0.28423,0.30373,0.32156,0.33737,0.35091,0.36203,0.37072,0.37712,0.38154,0.38445,0.38649,0.38848,0.39135,0.39616,0.40406,0.41622,0.43379,0.45788,0.48946,0.52933,0.57806,0.63593,0.70289,0.77854,0.8621,0.95239,1.0479,1.1467,1.2467,1.3454,1.4405,1.5292,1.6092,1.6782,1.734,1.7751,1.8003,1.8088,1.8004,1.7755,1.735,1.6802,1.6129,1.5352,1.4495,1.3583,1.2643,1.1701,1.0784,0.99146,0.91174,0.84128,0.78198,0.73549,0.70325,0.68642,0.68595,0.70251,0.73649,0.78799,0.85676,0.94221,1.0433,1.1587,1.2865,1.4245,1.5699,1.7196,1.8704,2.0187,2.1607,2.2927,2.4114,2.5133,2.5958,2.6564,2.6936,2.7062,2.6942,2.6578,2.5982,2.5172,2.417,2.3003,2.1702,2.0297,1.8821
0.060672,0.073578,0.088387,0.10516,0.12391,0.14459,0.16706,0.19113,0.21652,0.24285,0.26971,0.2966,0.32298,0.3483,0.37201,0.3936,0.41261,0.42869,0.44164,0.45138,0.45801,0.46184,0.46337,0.46327,0.46242,0.46184,0.4627,0.46623,0.47371,0.48644,0.5056,0.53227,0.56734,0.61145,0.66494,0.7278,0.79964,0.8797,0.9668,1.0594,1.1556,1.2531,1.3497,1.4427,1.5295,1.6077,1.675,1.7292,1.7688,1.7925,1.7996,1.79,1.7641,1.7227,1.6672,1.5995,1.5217,1.4362,1.3457,1.2528,1.1602,1.0705,0.98624,0.90975,0.84315,0.7884,0.74718,0.72097,0.711,0.71824,0.74341,0.78693,0.84888,0.92902,1.0267,1.1408,1.2698,1.4117,1.564,1.7237,1.8874,2.0515,2.212,2.3649,2.5061,2.6319,2.7387,2.8234,2.8836,2.9177,2.9246,2.9042,2.8572,2.7849,2.6895,2.5736,2.4403,2.2932,2.1357,1.9715
0.074049,0.089721,0.1077,0.12806,0.15081,0.17589,0.20315,0.23235,0.26313,0.29505,0.32759,0.36015,0.39206,0.42264,0.45121,0.47712,0.49981,0.51882,0.53384,0.54474,0.55158,0.55466,0.55449,0.55179,0.5475,0.54274,0.53877,0.53696,0.5387,0.54541,0.5584,0.57887,0.60778,0.64587,0.69355,0.75086,0.81745,0.89257,0.97506,1.0634,1.1556,1.2495,1.3427,1.4326,1.5167,1.5924,1.6574,1.7097,1.7476,1.77,1.776,1.7657,1.7393,1.6979,1.6428,1.5758,1.4991,1.4152,1.3267,1.2362,1.1465,1.0602,0.97978,0.90761,0.84587,0.79652,0.7613,0.74173,0.73908,0.75438,0.78839,0.84156,0.91401,1.0055,1.1153,1.2422,1.3847,1.5405,1.7069,1.8808,2.0583,2.2357,2.4085,2.5723,2.7229,2.856,2.9678,3.0552,3.1155,3.147,3.1486,3.1205,3.0633,2.9789,2.8695,2.7384,2.589,2.4252,2.2509,2.0702
0.089565,0.1084,0.13001,0.15447,0.18179,0.21192,0.24465,0.27969,0.31663,0.35493,0.39396,0.43299,0.4712,0.50779,0.5419,0.57274,0.59962,0.62194,0.6393,0.65148,0.65851,0.66066,0.65846,0.65267,0.64432,0.63462,0.62494,0.61678,0.61169,0.61119,0.61674,0.62966,0.65104,0.68169,0.72211,0.7724,0.83227,0.90101,0.97746,1.0601,1.1471,1.2361,1.3248,1.4107,1.4911,1.5636,1.6259,1.6759,1.7121,1.7331,1.7384,1.7278,1.7018,1.6612,1.6074,1.5423,1.4681,1.387,1.3019,1.2152,1.1297,1.048,0.97264,0.90589,0.84997,0.80686,0.77832,0.76591,0.77096,0.79454,0.83745,0.90021,0.98294,1.0854,1.2069,1.3462,1.5016,1.6707,1.8507,2.0382,2.2291,2.4191,2.6038,2.7783,2.9379,3.0783,3.1952,3.2854,3.346,3.3752,3.3721,3.3367,3.2701,3.1742,3.0516,2.906,2.7411,2.5612,2.3707,2.1739
0.10738,0.1298,0.1555,0.18458,0.21707,0.25288,0.29178,0.33341,0.3773,0.42279,0.46912,0.51543,0.56075,0.60409,0.64443,0.68082,0.71239,0.73842,0.75838,0.77197,0.77917,0.78021,0.77564,0.76629,0.75324,0.73783,0.72155,0.70603,0.69299,0.68408,0.68094,0.68499,0.69745,0.71926,0.751,0.79284,0.84457,0.9055,0.97454,1.0502,1.1306,1.2136,1.2967,1.3776,1.4536,1.5222,1.5813,1.6287,1.6629,1.6828,1.6876,1.6773,1.6523,1.6134,1.562,1.4999,1.4293,1.3525,1.2721,1.1906,1.1107,1.0349,0.96569,0.90544,0.85628,0.82019,0.79894,0.79414,0.80713,0.83905,0.89075,0.9628,1.0554,1.1682,1.3007,1.4515,1.6189,1.8004,1.9929,2.1929,2.3961,2.5979,2.7936,2.978,3.1461,3.2932,3.415,3.5078,3.5688,3.596,3.5885,3.5465,3.4711,3.3644,3.2296,3.0703,2.8908,2.6958,2.49,2.2781
0.12766,0.15407,0.18432,0.21856,0.25679,0.29892,0.34467,0.39363,0.44523,0.4987,0.55315,0.60755,0.66075,0.71158,0.75884,0.80137,0.83814,0.86827,0.89109,0.90621,0.91354,0.91329,0.90603,0.89263,0.87427,0.85238,0.82862,0.80477,0.78269,0.76423,0.75115,0.74505,0.74729,0.75891,0.78059,0.81263,0.85484,0.90664,0.96697,1.0344,1.1071,1.1829,1.2595,1.3344,1.4052,1.4694,1.5247,1.5693,1.6016,1.6204,1.6251,1.6156,1.5922,1.5559,1.5079,1.45,1.3843,1.313,1.2386,1.1636,1.0906,1.0219,0.96013,0.90741,0.86589,0.83753,0.82411,0.82724,0.84829,0.88846,0.94864,1.0294,1.1311,1.2535,1.3958,1.5569,1.7349,1.9273,2.1309,2.3419,2.5559,2.7682,2.9735,3.1665,3.3421,3.4952,3.6212,3.7163,3.7775,3.8028,3.7913,3.7431,3.6597,3.5433,3.3972,3.2254,3.0327,2.8238,2.6039,2.378
0.15053,0.18133,0.2166,0.25648,0.30102,0.35006,0.40332,0.46031,0.52035,0.58256,0.64589,0.70913,0.77096,0.82998,0.88479,0.93403,0.97647,1.0111,1.037,1.0537,1.0612,1.0595,1.0492,1.0313,1.007,0.97793,0.94586,0.91274,0.8806,0.85149,0.82733,0.80988,0.80066,0.80084,0.81123,0.83219,0.86366,0.9051,0.95553,1.0136,1.0774,1.1451,1.2143,1.2825,1.3474,1.4066,1.4579,1.4995,1.5298,1.5478,1.5527,1.5444,1.5234,1.4905,1.4469,1.3944,1.3347,1.2702,1.2032,1.136,1.071,1.0108,0.95742,0.9132,0.88015,0.86017,0.85502,0.86628,0.89538,0.94352,1.0117,1.1005,1.2103,1.3409,1.4917,1.6615,1.8483,2.0497,2.2624,2.4824,2.7053,2.9261,3.1393,3.3394,3.5209,3.6787,3.808,3.9048,3.9659,3.9892,3.9739,3.9202,3.8296,3.7044,3.5483,3.3655,3.1609,2.9398,2.7074,2.4691
0.17613,0.21168,0.25238,0.29838,0.34971,0.40624,0.4676,0.53324,0.60238,0.674,0.7469,0.81967,0.89078,0.95861,1.0215,1.078,1.1265,1.1659,1.1951,1.2136,1.2211,1.2177,1.2041,1.1813,1.1506,1.1137,1.0725,1.0293,0.98618,0.94543,0.90915,0.8793,0.85752,0.84515,0.84312,0.85191,0.87154,0.90157,0.94109,0.98878,1.0429,1.1016,1.1626,1.2234,1.2819,1.3358,1.3828,1.4213,1.4496,1.4669,1.4724,1.466,1.4481,1.4194,1.3812,1.3349,1.2825,1.226,1.1676,1.1094,1.0539,1.0031,0.95929,0.92449,0.90066,0.88961,0.89306,0.91257,0.94955,1.0052,1.0806,1.1765,1.2931,1.4305,1.588,1.7644,1.958,2.1661,2.3855,2.6121,2.8415,3.0683,3.2871,3.4923,3.678,3.839,3.9703,4.0678,4.1282,4.1495,4.1306,4.0719,3.9749,3.8422,3.6774,3.4852,3.2705,3.0389,2.796,2.5472
0.20458,0.24523,0.29171,0.34422,0.40279,0.46725,0.53721,0.61203,0.69082,0.77242,0.85545,0.9383,1.0192,1.0964,1.1679,1.232,1.2869,1.3313,1.364,1.3843,1.3918,1.3866,1.3694,1.3413,1.3036,1.2583,1.2074,1.1534,1.0985,1.0453,0.99601,0.95283,0.91758,0.89174,0.87637,0.87207,0.87897,0.89672,0.92449,0.96105,1.0048,1.0538,1.1059,1.159,1.2107,1.2588,1.3014,1.3367,1.3633,1.3801,1.3866,1.3826,1.3684,1.3448,1.3129,1.274,1.23,1.1827,1.134,1.0861,1.0411,1.0009,0.96764,0.94311,0.92917,0.92754,0.93984,0.96757,1.0121,1.0748,1.1565,1.2582,1.3802,1.5225,1.6846,1.8654,2.0632,2.2753,2.4986,2.729,2.9619,3.1921,3.414,3.6216,3.8094,3.9717,4.1035,4.2006,4.2596,4.2785,4.2561,4.1929,4.0904,3.9514,3.7796,3.5797,3.3569,3.1169,2.8655,2.6084
0.23603,0.28203,0.33459,0.39391,0.46005,0.5328,0.61173,0.69612,0.78496,0.87695,0.97052,1.0639,1.155,1.2419,1.3223,1.3943,1.4559,1.5055,1.5417,1.5637,1.5712,1.5641,1.5431,1.5093,1.4643,1.4101,1.349,1.2835,1.2163,1.1499,1.087,1.0298,0.98033,0.94031,0.91089,0.89282,0.88632,0.89114,0.90656,0.93141,0.96419,1.0031,1.046,1.0909,1.1356,1.1779,1.216,1.2482,1.2731,1.2898,1.2977,1.2967,1.287,1.2693,1.2445,1.2141,1.1795,1.1425,1.1048,1.0683,1.0349,1.0063,0.98448,0.97102,0.96759,0.97577,0.99707,1.0329,1.0847,1.1535,1.2406,1.3467,1.4722,1.6174,1.7818,1.9644,2.1635,2.3767,2.6008,2.8318,3.0651,3.2954,3.5173,3.7248,3.912,4.0734,4.204,4.2993,4.3561,4.3721,4.3463,4.2791,4.172,4.028,3.8507,3.645,3.4163,3.1702,2.9127,2.6497
0.27064,0.32219,0.38102,0.44736,0.52127,0.60252,0.69064,0.78481,0.88392,0.98652,1.0908,1.1949,1.2965,1.3932,1.4827,1.5627,1.631,1.6858,1.7256,1.7494,1.7567,1.7475,1.7225,1.6828,1.6302,1.5668,1.4951,1.4178,1.3377,1.2578,1.1807,1.1091,1.045,0.99032,0.94641,0.91412,0.8938,0.8853,0.88799,0.90081,0.92233,0.95084,0.98441,1.021,1.0585,1.0951,1.1288,1.158,1.1816,1.1985,1.2083,1.2108,1.2063,1.1952,1.1786,1.1575,1.1334,1.1077,1.082,1.058,1.0373,1.0214,1.0118,1.0102,1.0178,1.0361,1.0665,1.1103,1.1687,1.243,1.3341,1.4431,1.5704,1.7162,1.8804,2.0619,2.2592,2.4701,2.6915,2.9196,3.1498,3.377,3.5956,3.7998,3.9838,4.1419,4.2692,4.3613,4.4148,4.4274,4.3981,4.3273,4.2167,4.0689,3.8878,3.6784,3.4459,3.1961,2.9351,2.6686
0.30863,0.36583,0.43102,0.50445,0.58617,0.67597,0.77329,0.87726,0.98664,1.0998,1.2149,1.3296,1.4416,1.5481,1.6467,1.7346,1.8096,1.8695,1.9128,1.9382,1.9452,1.9338,1.9046,1.8589,1.7985,1.7257,1.6432,1.5539,1.4608,1.3671,1.2757,1.1894,1.1105,1.041,0.98242,0.93575,0.90146,0.87951,0.86936,0.87005,0.88026,0.89836,0.92254,0.95087,0.9814,1.0123,1.0417,1.0684,1.0909,1.1086,1.1208,1.1275,1.1287,1.1251,1.1174,1.1066,1.0939,1.0806,1.068,1.0575,1.0504,1.0481,1.0517,1.0625,1.0817,1.1104,1.1499,1.2013,1.2658,1.3445,1.4385,1.5487,1.6757,1.8199,1.981,2.1584,2.3508,2.556,2.7711,2.9925,3.2159,3.4363,3.6482,3.8459,4.0237,4.1761,4.298,4.3851,4.4341,4.4427,4.4099,4.336,4.2225,4.0723,3.8892,3.678,3.444,3.193,2.931,2.6638
0.35027,0.41313,0.48464,0.56508,0.65451,0.75269,0.85903,0.97258,1.092,1.2155,1.341,1.4661,1.5881,1.7042,1.8115,1.9071,1.9885,2.0533,2.0998,2.1267,2.1332,2.1194,2.086,2.0342,1.966,1.8838,1.7905,1.6892,1.5832,1.4758,1.3701,1.2692,1.1756,1.0914,1.0182,0.95731,0.90919,0.87392,0.85108,0.8398,0.83886,0.84674,0.86174,0.88203,0.9058,0.9313,0.95692,0.98128,1.0033,1.0221,1.0373,1.0487,1.0565,1.0611,1.0631,1.0635,1.0632,1.0632,1.0647,1.0687,1.0762,1.0882,1.1057,1.1296,1.1608,1.2002,1.2488,1.3075,1.3775,1.4597,1.5552,1.6649,1.7895,1.9295,2.0849,2.2551,2.4391,2.635,2.8402,3.0512,3.264,3.4738,3.6754,3.8633,4.0319,4.1758,4.2902,4.3707,4.414,4.4178,4.3813,4.3045,4.1891,4.0378,3.8543,3.6433,3.4101,3.1603,2.8999,2.6345
0.39594,0.46436,0.54202,0.62923,0.72607,0.83227,0.9472,1.0698,1.1987,1.332,1.4674,1.6023,1.7338,1.8588,1.9742,2.077,2.1643,2.2336,2.283,2.3111,2.3169,2.3007,2.2629,2.205,2.129,2.0376,1.9337,1.8207,1.7021,1.5813,1.4618,1.3467,1.2387,1.1402,1.053,0.97821,0.91666,0.86849,0.83336,0.81051,0.79882,0.79688,0.8031,0.81577,0.83319,0.85375,0.87594,0.89851,0.92044,0.94099,0.95973,0.97653,0.9915,1.005,1.0176,1.03,1.0429,1.0572,1.0736,1.093,1.116,1.1433,1.1754,1.213,1.2566,1.3068,1.3644,1.4302,1.5049,1.5896,1.6853,1.7928,1.9129,2.0463,2.1931,2.3531,2.5254,2.7084,2.8999,3.0967,3.2951,3.4907,3.6784,3.8532,4.0096,4.1424,4.247,4.319,4.3554,4.3538,4.3133,4.234,4.1174,3.9661,3.7837,3.5749,3.3446,3.0984,2.8421,2.5811
0.44613,0.51989,0.60339,0.69698,0.80071,0.91434,1.0372,1.1682,1.3058,1.4479,1.5923,1.7361,1.8761,2.0092,2.1319,2.2411,2.3336,2.4068,2.4586,2.4874,2.4924,2.4735,2.4314,2.3675,2.2841,2.1837,2.0697,1.9455,1.8148,1.6813,1.5486,1.4199,1.2984,1.1863,1.0856,0.9977,0.92342,0.86301,0.81625,0.78247,0.76064,0.74948,0.74749,0.7531,0.76473,0.78089,0.80021,0.82153,0.84395,0.8668,0.88969,0.9125,0.93534,0.95848,0.98236,1.0075,1.0345,1.0639,1.0961,1.1317,1.171,1.2142,1.2617,1.3135,1.3698,1.4311,1.4977,1.5701,1.649,1.7353,1.8297,1.9333,2.047,2.1714,2.307,2.4537,2.611,2.7777,2.9519,3.1308,3.3112,3.4889,3.6593,3.8177,3.959,4.0781,4.1706,4.2326,4.2607,4.2529,4.2081,4.1265,4.0094,3.8592,3.6795,3.4745,3.2492,3.0088,2.7589,2.5047
0.50146,0.58023,0.66913,0.7685,0.87844,0.99867,1.1285,1.2668,1.412,1.5619,1.714,1.8654,2.0128,2.1527,2.2816,2.3961,2.493,2.5693,2.6228,2.6519,2.6557,2.634,2.5876,2.518,2.4273,2.3186,2.195,2.0603,1.9184,1.773,1.6281,1.487,1.3527,1.2281,1.115,1.0149,0.92885,0.85713,0.79962,0.75575,0.72461,0.70498,0.69552,0.69478,0.70129,0.7137,0.73077,0.75146,0.77496,0.8007,0.82835,0.8578,0.88913,0.92256,0.95842,0.99707,1.0389,1.0841,1.1329,1.1855,1.2418,1.3017,1.365,1.4315,1.501,1.5735,1.6489,1.7277,1.8101,1.897,1.989,2.0871,2.1924,2.3056,2.4274,2.558,2.6973,2.8445,2.998,3.1556,3.3144,3.4708,3.6208,3.7597,3.883,3.9861,4.0645,4.1146,4.1333,4.1185,4.0692,3.9854,3.8683,3.7203,3.5445,3.345,3.1265,2.8939,2.6525,2.4073
0.5627,0.64605,0.73975,0.84418,0.95943,1.0852,1.2209,1.3652,1.5165,1.6727,1.831,1.9885,2.1417,2.287,2.4207,2.5392,2.6391,2.7175,2.772,2.8008,2.8029,2.7783,2.7277,2.6526,2.5553,2.4388,2.3065,2.1623,2.0102,1.8542,1.6981,1.5458,1.4002,1.2642,1.1399,1.0289,0.93227,0.85038,0.78321,0.73029,0.69079,0.66364,0.64758,0.6413,0.64346,0.65284,0.66834,0.68905,0.71426,0.7435,0.7765,0.81317,0.85358,0.8979,0.94635,0.99912,1.0564,1.1181,1.1842,1.2545,1.3284,1.4056,1.4852,1.5668,1.6498,1.7335,1.8178,1.9026,1.988,2.0746,2.163,2.2543,2.3494,2.4494,2.555,2.6671,2.7856,2.9102,3.04,3.1731,3.3073,3.4394,3.5659,3.6827,3.7855,3.8702,3.9327,3.9695,3.9776,3.9551,3.901,3.8151,3.6985,3.5533,3.3826,3.1899,2.9797,2.7567,2.5256,2.2913
0.63074,0.71815,0.81595,0.92455,1.044,1.1741,1.3142,1.4629,1.6187,1.7794,1.9421,2.1038,2.2609,2.4098,2.5466,2.6675,2.7692,2.8485,2.903,2.9308,2.9309,2.9032,2.8484,2.7681,2.6647,2.5412,2.4012,2.2486,2.0876,1.9223,1.7567,1.5945,1.4391,1.2933,1.1593,1.0388,0.93294,0.8422,0.76663,0.70585,0.65913,0.62549,0.60381,0.59288,0.59153,0.59866,0.61331,0.6347,0.66225,0.69557,0.73446,0.77889,0.82891,0.88464,0.94619,1.0136,1.0869,1.1656,1.2496,1.338,1.4301,1.525,1.6215,1.7185,1.8151,1.9102,2.0032,2.0937,2.1816,2.2672,2.3511,2.4343,2.5177,2.6026,2.6902,2.7814,2.8767,2.9763,3.0796,3.1856,3.2925,3.3976,3.498,3.5902,3.6704,3.7348,3.7797,3.8019,3.7985,3.7677,3.7083,3.6204,3.5047,3.363,3.1982,3.0135,2.813,2.6009,2.3817,2.1598
0.70663,0.7975,0.89859,1.0103,1.1328,1.2658,1.4086,1.56,1.7184,1.8814,2.0464,2.2101,2.3691,2.5195,2.6574,2.779,2.8809,2.9597,3.0131,3.039,3.0365,3.0055,2.9467,2.8616,2.7528,2.6232,2.4766,2.317,2.1485,1.9754,1.8018,1.6316,1.468,1.3141,1.1721,1.0437,0.93016,0.83205,0.74947,0.68213,0.62939,0.5904,0.56414,0.54954,0.54555,0.55123,0.56576,0.58848,0.61896,0.6569,0.70219,0.75483,0.81489,0.88244,0.95751,1.04,1.1296,1.2258,1.328,1.435,1.5457,1.6586,1.7722,1.8849,1.9952,2.1017,2.2033,2.2993,2.3892,2.4732,2.5518,2.6257,2.6962,2.7647,2.8325,2.901,2.9711,3.0436,3.1184,3.1951,3.2723,3.3484,3.4207,3.4864,3.5422,3.5847,3.6107,3.6171,3.6013,3.5616,3.4969,3.4068,3.2922,3.1546,2.9964,2.8205,2.6306,2.4306,2.2245,2.0163
0.7915,0.88517,0.98866,1.1024,1.2265,1.3608,1.5045,1.6566,1.8154,1.9786,2.1435,2.3069,2.4653,2.6149,2.7518,2.8721,2.9723,3.0492,3.1002,3.1234,3.1178,3.0832,3.0203,2.9309,2.8173,2.6827,2.5307,2.3654,2.191,2.0119,1.8322,1.6557,1.4858,1.3256,1.1773,1.0428,0.92327,0.81935,0.73125,0.65874,0.60128,0.55812,0.52835,0.51106,0.50532,0.51034,0.52545,0.55014,0.58409,0.62713,0.67923,0.74044,0.81086,0.89052,0.97935,1.0771,1.1833,1.2972,1.4178,1.5436,1.673,1.8041,1.9349,2.0634,2.1875,2.3053,2.4154,2.5166,2.6082,2.6901,2.7626,2.8265,2.8832,2.9341,2.9809,3.0253,3.0689,3.1126,3.1573,3.203,3.2491,3.2944,3.3371,3.3748,3.4049,3.4244,3.4305,3.4203,3.3916,3.3426,3.2721,3.18,3.0667,2.9334,2.7822,2.6158,2.4373,2.2501,2.0578,1.8642
0.88655,0.98232,1.0873,1.2018,1.3261,1.4599,1.6027,1.7533,1.9101,2.071,2.2333,2.3939,2.5492,2.6956,2.8291,2.9459,3.0425,3.1158,3.1631,3.1825,3.1731,3.1346,3.0679,2.9745,2.8569,2.7182,2.5621,2.3926,2.2141,2.0307,1.8467,1.6658,1.4916,1.327,1.1744,1.0355,0.91173,0.80365,0.71155,0.63529,0.57442,0.52828,0.4961,0.47709,0.47047,0.4756,0.49194,0.51916,0.55705,0.60558,0.6648,0.73483,0.81577,0.90765,1.0103,1.1234,1.2463,1.3778,1.5167,1.6613,1.8094,1.9587,2.1067,2.2508,2.3885,2.5176,2.636,2.7421,2.8351,2.9145,2.9804,3.0339,3.076,3.1086,3.1337,3.1532,3.1692,3.1833,3.1968,3.2105,3.2244,3.238,3.2501,3.2591,3.2626,3.2584,3.2439,3.2166,3.1746,3.116,3.0398,2.9455,2.8335,2.7048,2.561,2.4043,2.2375,2.0636,1.8858,1.7071
0.99294,1.0901,1.1955,1.3096,1.4325,1.5642,1.7039,1.8508,2.0033,2.1594,2.3164,2.4714,2.621,2.7615,2.8892,3.0002,3.0913,3.1591,3.2013,3.2159,3.2019,3.1593,3.0887,2.9917,2.8709,2.7291,2.5702,2.3981,2.217,2.0312,1.8447,1.6615,1.485,1.3179,1.1629,1.0215,0.89516,0.78456,0.69,0.61141,0.54842,0.50048,0.46695,0.44715,0.44048,0.44641,0.46459,0.49481,0.53702,0.5913,0.65782,0.73675,0.82824,0.93228,1.0487,1.1769,1.3162,1.4651,1.6222,1.7852,1.9516,2.1188,2.2837,2.4432,2.5943,2.7343,2.8607,2.9715,3.0656,3.1422,3.2014,3.244,3.2713,3.2853,3.2882,3.2825,3.2706,3.2547,3.2368,3.2181,3.1994,3.181,3.1622,3.142,3.1188,3.0906,3.0553,3.0109,2.9553,2.8871,2.805,2.7086,2.598,2.4738,2.3374,2.1907,2.0358,1.8753,1.712,1.5485
1.1117,1.2096,1.3145,1.4269,1.547,1.6746,1.8093,1.9502,2.0959,2.2445,2.3936,2.5403,2.6814,2.8133,2.9326,3.0356,3.1189,3.1796,3.2152,3.2238,3.2046,3.1574,3.0829,2.9828,2.8593,2.7155,2.555,2.3817,2.1998,2.0133,1.8264,1.6428,1.4658,1.2983,1.1426,1.0005,0.87337,0.76185,0.66633,0.58678,0.52292,0.47431,0.44042,0.42071,0.41472,0.42208,0.44258,0.47619,0.52297,0.58316,0.657,0.74475,0.8466,0.96254,1.0923,1.2353,1.3904,1.5563,1.7309,1.9118,2.096,2.2805,2.4617,2.6361,2.8001,2.9506,3.0846,3.1999,3.2947,3.3684,3.4207,3.4524,3.465,3.4605,3.4414,3.4107,3.3711,3.3255,3.2763,3.2255,3.1747,3.1245,3.0752,3.0261,2.9763,2.9244,2.8686,2.8071,2.7382,2.6604,2.5726,2.4741,2.3648,2.2452,2.1162,1.9792,1.8361,1.689,1.54,1.3916
1.2438,1.3418,1.4453,1.5547,1.6704,1.7922,1.9199,2.0525,2.189,2.3275,2.4659,2.6016,2.7315,2.8523,2.9607,3.0533,3.1268,3.1785,3.2059,3.2075,3.1823,3.1301,3.0517,2.9486,2.8231,2.6782,2.5174,2.3443,2.1631,1.9777,1.7922,1.6099,1.4344,1.2682,1.1137,0.97271,0.84636,0.73546,0.64038,0.56116,0.49761,0.44937,0.41603,0.39719,0.39252,0.40183,0.42505,0.46229,0.51378,0.57985,0.66087,0.7572,0.86903,0.99637,1.1389,1.2959,1.4663,1.6482,1.8395,2.0373,2.2385,2.4394,2.6361,2.8245,3.0008,3.1611,3.3023,3.4216,3.5171,3.5877,3.6332,3.6542,3.6524,3.6298,3.5894,3.5343,3.4679,3.3934,3.3139,3.232,3.1499,3.069,2.99,2.913,2.8375,2.7626,2.6869,2.6088,2.527,2.44,2.3466,2.2461,2.1382,2.023,1.9012,1.7737,1.6421,1.5079,1.3729,1.2392
1.3898,1.4872,1.5884,1.6938,1.8036,1.918,2.0366,2.1588,2.2837,2.4097,2.5349,2.6569,2.7729,2.8801,2.9751,3.055,3.1167,3.1576,3.1755,3.1689,3.1368,3.0791,2.9967,2.891,2.7641,2.6189,2.4588,2.2873,2.1082,1.9256,1.743,1.5639,1.3915,1.2284,1.0768,0.93837,0.81433,0.70545,0.61212,0.53441,0.47222,0.42528,0.3933,0.376,0.37321,0.38486,0.41106,0.45205,0.50821,0.58001,0.66791,0.77235,0.89357,1.0316,1.186,1.3562,1.5406,1.7374,1.9442,2.1579,2.3748,2.5909,2.8019,3.0034,3.1909,3.3604,3.5081,3.6309,3.7268,3.7943,3.8332,3.844,3.8284,3.7886,3.7279,3.6497,3.5577,3.4558,3.3475,3.2362,3.1244,3.0143,2.9071,2.8036,2.7038,2.607,2.5124,2.4188,2.3247,2.229,2.1303,2.028,1.9215,1.8106,1.6957,1.5774,1.4567,1.3349,1.2133,1.0935
1.5498,1.6461,1.7442,1.8445,1.9472,2.0525,2.1603,2.2701,2.3812,2.4923,2.6019,2.7077,2.8075,2.8985,2.978,3.0431,3.091,3.1195,3.1264,3.1104,3.0707,3.0072,2.9206,2.8124,2.6846,2.5398,2.3813,2.2125,2.037,1.8584,1.6803,1.5059,1.3382,1.1797,1.0325,0.89807,0.7777,0.6721,0.58165,0.50651,0.44659,0.40176,0.37181,0.3566,0.35609,0.37037,0.39968,0.44441,0.50507,0.58226,0.67655,0.78844,0.91825,1.066,1.2313,1.4132,1.6104,1.8208,2.0416,2.2694,2.5005,2.7304,2.9543,3.1675,3.3651,3.5426,3.6961,3.822,3.918,3.9825,4.015,4.0162,3.9877,3.932,3.8523,3.7526,3.637,3.5097,3.3748,3.2361,3.0968,2.9597,2.8264,2.6983,2.5759,2.459,2.3469,2.2388,2.1335,2.0298,1.9264,1.8225,1.7173,1.6106,1.5022,1.3926,1.2823,1.1722,1.0632,0.9566
1.7234,1.8182,1.9125,2.0068,2.1012,2.1961,2.2914,2.3871,2.4824,2.5766,2.6683,2.7557,2.837,2.9098,2.9716,3.0199,3.0524,3.0669,3.0615,3.0352,2.9871,2.9173,2.8264,2.7157,2.5873,2.4437,2.2876,2.1225,1.9515,1.7783,1.6059,1.4376,1.2759,1.1233,0.9817,0.85259,0.73704,0.63579,0.54922,0.47751,0.42065,0.37858,0.35121,0.33851,0.34056,0.3576,0.39001,0.43832,0.50317,0.58526,0.68528,0.80379,0.94116,1.0974,1.2722,1.4645,1.6728,1.8949,2.1279,2.3682,2.6115,2.8533,3.0884,3.3117,3.518,3.7025,3.8607,3.9891,4.0849,4.1464,4.1731,4.1655,4.1252,4.0549,3.9582,3.8391,3.702,3.5518,3.3928,3.2295,3.0654,2.9038,2.7471,2.5969,2.4541,2.3189,2.1912,2.0702,1.9548,1.8439,1.7365,1.6313,1.5276,1.4249,1.3228,1.2213,1.1206,1.0214,0.92419,0.8298
1.9096,2.0026,2.0926,2.1801,2.2652,2.3485,2.43,2.5099,2.5878,2.6632,2.7352,2.8024,2.8633,2.9159,2.9583,2.9882,3.0036,3.0028,2.9841,2.9465,2.8894,2.8128,2.7174,2.6044,2.4757,2.3335,2.1806,2.0199,1.8545,1.6875,1.522,1.3607,1.2062,1.0606,0.92568,0.80284,0.69307,0.59704,0.51515,0.44758,0.3944,0.3556,0.3312,0.32128,0.32606,0.34587,0.38125,0.43285,0.50142,0.58778,0.69269,0.81681,0.96055,1.1239,1.3066,1.5075,1.7251,1.9569,2.2,2.4505,2.704,2.9556,3.1999,3.4315,3.6448,3.8348,3.9968,4.1269,4.2222,4.2809,4.3021,4.2866,4.2359,4.1529,4.0411,3.9049,3.7492,3.5789,3.3989,3.214,3.0282,2.8453,2.668,2.4984,2.3379,2.1869,2.0455,1.9133,1.7893,1.6724,1.5616,1.4556,1.3536,1.2547,1.1584,1.0645,0.97283,0.88361,0.79719,0.714
2.1068,2.1977,2.283,2.363,2.4381,2.5088,2.5755,2.6384,2.6975,2.7528,2.8035,2.8489,2.8879,2.9188,2.9402,2.9504,2.9476,2.9303,2.8973,2.8477,2.781,2.6973,2.5972,2.4819,2.353,2.2127,2.0634,1.9077,1.7484,1.5885,1.4306,1.2773,1.1308,0.99302,0.86563,0.74985,0.64659,0.55647,0.47986,0.41698,0.36792,0.33275,0.31158,0.30459,0.3121,0.33459,0.37268,0.42714,0.49885,0.5887,0.69755,0.82611,0.97484,1.1438,1.3326,1.5402,1.7649,2.0043,2.2551,2.5134,2.7747,3.0338,3.285,3.5228,3.7413,3.9353,4.0999,4.2309,4.3253,4.3811,4.3976,4.3751,4.3155,4.2216,4.0971,3.9466,3.7751,3.5879,3.3902,3.1872,2.9832,2.7824,2.5878,2.402,2.2265,2.0623,1.9096,1.7681,1.637,1.5153,1.402,1.2958,1.1956,1.1006,1.0098,0.92288,0.83943,0.75936,0.68273,0.6097
2.3126,2.4012,2.4815,2.5537,2.6182,2.6757,2.7266,2.7716,2.8111,2.8451,2.8735,2.896,2.9118,2.92,2.9195,2.9088,2.8869,2.8524,2.8044,2.7422,2.6655,2.5744,2.4695,2.3518,2.2229,2.0846,1.9391,1.7889,1.6363,1.484,1.3343,1.1894,1.0515,0.92219,0.8029,0.69473,0.59849,0.51475,0.44384,0.386,0.34135,0.31003,0.29221,0.28816,0.29832,0.32325,0.36369,0.4205,0.49464,0.5871,0.69881,0.83054,0.98276,1.1556,1.3486,1.5608,1.7903,2.0348,2.2908,2.5545,2.8209,3.0849,3.3407,3.5824,3.8042,4.0005,4.1663,4.2974,4.3905,4.4435,4.4557,4.4274,4.3605,4.2577,4.123,3.9609,3.7769,3.5762,3.3644,3.1469,2.9285,2.7133,2.505,2.3063,2.119,1.9443,1.7827,1.6339,1.4975,1.3724,1.2576,1.1517,1.0537,0.96242,0.8769,0.79645,0.7205,0.6487,0.58087,0.51695
2.5238,2.6101,2.6852,2.7493,2.8029,2.8467,2.8815,2.9081,2.9272,2.9394,2.9449,2.9438,2.9358,2.9206,2.8974,2.8654,2.8238,2.7716,2.7082,2.6331,2.5461,2.4473,2.3375,2.2174,2.0885,1.9524,1.811,1.6664,1.5208,1.3763,1.2351,1.0992,0.97018,0.84965,0.73879,0.63856,0.54965,0.47256,0.4076,0.35499,0.31489,0.28748,0.27301,0.27182,0.28443,0.31149,0.35381,0.41236,0.48816,0.58228,0.69568,0.82919,0.98333,1.1582,1.3534,1.5679,1.7999,2.047,2.3056,2.5718,2.8407,3.107,3.3648,3.6082,3.8311,4.028,4.1937,4.3238,4.4151,4.4655,4.474,4.441,4.3683,4.2588,4.1163,3.9458,3.7524,3.5418,3.3196,3.0915,2.8623,2.6367,2.4183,2.21,2.0141,1.8318,1.6638,1.5101,1.3701,1.243,1.1276,1.0228,0.92728,0.83977,0.75924,0.68478,0.61565,0.5513,0.49134,0.4355
2.7367,2.8206,2.8905,2.9464,2.989,3.0191,3.0376,3.0457,3.0443,3.0344,3.0167,2.9918,2.9599,2.9211,2.8751,2.8216,2.7601,2.69,2.6111,2.5229,2.4256,2.3192,2.2044,2.0819,1.953,1.8191,1.6819,1.543,1.4044,1.2679,1.1354,1.0084,0.88848,0.77687,0.67458,0.5824,0.50094,0.4306,0.37165,0.32431,0.28876,0.26522,0.25398,0.25545,0.27022,0.29901,0.34271,0.40233,0.47896,0.57371,0.6876,0.82148,0.9759,1.151,1.3463,1.5609,1.793,2.04,2.2985,2.5646,2.8332,3.099,3.3562,3.5988,3.8208,4.0164,4.1806,4.3089,4.3979,4.4456,4.451,4.4144,4.3376,4.2234,4.0759,3.8998,3.7003,3.4834,3.2546,3.0196,2.7836,2.5512,2.3264,2.1121,1.9107,1.7237,1.5519,1.3954,1.2537,1.126,1.0112,0.90816,0.81544,0.7318,0.65606,0.58716,0.52423,0.46654,0.41355,0.36484
2.9468,3.0284,3.0931,3.141,3.1727,3.1892,3.1917,3.1814,3.1597,3.128,3.0875,3.0391,2.9836,2.9214,2.8529,2.7781,2.697,2.6093,2.515,2.414,2.3064,2.1925,2.0728,1.948,1.8192,1.6875,1.5543,1.4211,1.2894,1.1609,1.0369,0.91888,0.80796,0.7052,0.61141,0.52724,0.45315,0.38948,0.33648,0.29432,0.2632,0.24337,0.23515,0.23902,0.2556,0.28568,0.33018,0.39016,0.46677,0.56112,0.67428,0.80712,0.96019,1.1337,1.3271,1.5396,1.7693,2.0137,2.2695,2.5325,2.7981,3.0609,3.315,3.5544,3.7733,3.9659,4.1271,4.2525,4.3388,4.3839,4.3866,4.3475,4.2682,4.1515,4.0014,3.8226,3.6204,3.4005,3.1687,2.9307,2.6916,2.4563,2.2285,2.0116,1.8079,1.6191,1.446,1.2888,1.1471,1.0203,0.90722,0.8066,0.71712,0.63746,0.56634,0.50262,0.44532,0.39359,0.34675,0.30427
3.1494,3.2287,3.2883,3.3284,3.3496,3.353,3.3398,3.3118,3.2706,3.2178,3.1552,3.084,3.0056,2.9209,2.8307,2.7353,2.6352,2.5305,2.4214,2.308,2.1905,2.0693,1.9449,1.8179,1.6891,1.5596,1.4304,1.3028,1.1779,1.0571,0.94149,0.83212,0.72997,0.63582,0.5503,0.4739,0.40699,0.3498,0.30253,0.26534,0.23844,0.22207,0.2166,0.22254,0.24053,0.27141,0.31613,0.37577,0.4515,0.54445,0.6557,0.78611,0.93627,1.1063,1.2959,1.5041,1.7291,1.9685,2.2189,2.4765,2.7364,2.9935,3.242,3.476,3.6897,3.8775,4.0344,4.1561,4.2392,4.2816,4.2823,4.2417,4.1613,4.0441,3.8938,3.715,3.5131,3.2937,3.0624,2.8249,2.5864,2.3515,2.1243,1.908,1.705,1.517,1.345,1.1893,1.0494,0.92481,0.8144,0.71695,0.63112,0.55555,0.48893,0.43007,0.37789,0.33148,0.29005,0.25298
3.3392,3.4163,3.4712,3.5039,3.515,3.5059,3.478,3.4332,3.3734,3.3007,3.2171,3.1245,3.0245,2.9184,2.8076,2.6928,2.5747,2.4539,2.3308,2.2058,2.079,1.951,1.8222,1.6932,1.5646,1.4372,1.312,1.1897,1.0714,0.95801,0.85039,0.74936,0.6556,0.56969,0.49209,0.42312,0.36304,0.31201,0.27018,0.23767,0.21469,0.20148,0.19843,0.20607,0.22506,0.25624,0.3006,0.35921,0.43324,0.52383,0.63205,0.75875,0.90453,1.0695,1.2535,1.4553,1.6735,1.9055,2.1482,2.3978,2.6497,2.8986,3.1392,3.3657,3.5724,3.7538,3.9051,4.0221,4.1016,4.1413,4.1404,4.0992,4.0193,3.9033,3.755,3.5789,3.3802,3.1642,2.9367,2.703,2.4684,2.2373,2.0138,1.8011,1.6016,1.417,1.2484,1.0959,0.95949,0.83839,0.73164,0.63802,0.55622,0.48488,0.42267,0.36837,0.32087,0.27918,0.24249,0.2101
3.5113,3.5862,3.6365,3.6622,3.6641,3.6434,3.6018,3.5414,3.4645,3.3734,3.2705,3.158,3.0379,2.9122,2.7824,2.6497,2.5151,2.3796,2.2437,2.1079,1.9727,1.8386,1.7059,1.5752,1.4469,1.3217,1.2002,1.0831,0.97106,0.86471,0.76469,0.67153,0.5857,0.50757,0.43742,0.37544,0.32178,0.27651,0.23973,0.21155,0.19213,0.18174,0.18075,0.1897,0.20926,0.24028,0.28372,0.34066,0.41224,0.49959,0.60375,0.72558,0.86564,1.0241,1.2007,1.3944,1.6038,1.8264,2.0593,2.2987,2.5403,2.779,3.0096,3.2267,3.4246,3.5982,3.7428,3.8544,3.9297,3.9668,3.9647,3.9238,3.8455,3.7325,3.5882,3.4171,3.2241,3.0144,2.7935,2.5667,2.3389,2.1146,1.8976,1.6912,1.4977,1.3188,1.1555,1.0081,0.87655,0.76011,0.65788,0.5687,0.49128,0.42429,0.36641,0.31641,0.27318,0.23571,0.20315,0.17477
3.6604,3.7333,3.7793,3.7987,3.7921,3.7609,3.7069,3.6325,3.5401,3.4324,3.3121,3.1817,3.0438,2.9004,2.7536,2.6048,2.4556,2.3069,2.1595,2.0143,1.8718,1.7323,1.5964,1.4643,1.3367,1.2137,1.096,0.9838,0.87767,0.77797,0.68507,0.59929,0.52086,0.44997,0.38675,0.33126,0.28353,0.24357,0.21142,0.18716,0.17093,0.16298,0.16368,0.17356,0.19329,0.22368,0.26569,0.32038,0.38885,0.47218,0.5714,0.68734,0.82054,0.97119,1.139,1.3231,1.5219,1.7334,1.9546,2.182,2.4113,2.638,2.8569,3.0628,3.2505,3.4151,3.552,3.6574,3.7283,3.7628,3.7599,3.72,3.6445,3.5358,3.3973,3.2332,3.0481,2.8472,2.6355,2.4181,2.1998,1.9848,1.7769,1.5791,1.3937,1.2225,1.0663,0.9255,0.80001,0.68923,0.59229,0.50806,0.43531,0.37275,0.31911,0.27318,0.23385,0.20013,0.17115,0.14619
3.7821,3.8529,3.895,3.9086,3.8944,3.854,3.7892,3.7024,3.5965,3.4744,3.3389,3.1931,3.0396,2.8809,2.7193,2.5568,2.3948,2.2348,2.0778,1.9246,1.7759,1.6321,1.4937,1.361,1.2342,1.1137,0.99957,0.89217,0.79165,0.6982,0.61195,0.53301,0.46143,0.39722,0.34037,0.29081,0.2485,0.21336,0.1854,0.16463,0.15119,0.1453,0.14733,0.15778,0.17729,0.20666,0.2468,0.29874,0.36352,0.4422,0.53574,0.64494,0.77033,0.9121,1.07,1.2431,1.4301,1.629,1.837,2.0508,2.2664,2.4794,2.6851,2.8786,3.0549,3.2094,3.3379,3.4366,3.5028,3.5347,3.5314,3.4932,3.4214,3.3182,3.187,3.0315,2.8563,2.6661,2.4657,2.2599,2.0533,1.8498,1.653,1.4658,1.2905,1.1285,0.98084,0.84791,0.72956,0.62527,0.53421,0.45534,0.38749,0.32941,0.27991,0.2378,0.20203,0.17162,0.14573,0.12366
3.8724,3.941,3.9795,3.988,3.9673,3.9189,3.8449,3.7478,3.6306,3.4963,3.3482,3.1894,3.0229,2.8516,2.6778,2.5039,2.3316,2.1624,1.9975,1.838,1.6846,1.5376,1.3976,1.2648,1.1394,1.0215,0.91108,0.8083,0.71312,0.62552,0.54545,0.47282,0.40752,0.34942,0.29837,0.2542,0.21677,0.18597,0.16172,0.14403,0.13299,0.1288,0.13181,0.14248,0.16144,0.18944,0.22735,0.27613,0.33678,0.4103,0.49759,0.59941,0.71628,0.84835,0.99538,1.1566,1.3308,1.516,1.7096,1.9086,2.1093,2.3076,2.499,2.6791,2.8431,2.9868,3.1062,3.1979,3.2593,3.2886,3.2852,3.2492,3.1818,3.0852,2.9624,2.817,2.6531,2.4752,2.2878,2.0954,1.9022,1.7119,1.5279,1.3529,1.189,1.0376,0.89966,0.77555,0.66515,0.56799,0.48328,0.41006,0.34722,0.29362,0.24811,0.20958,0.17702,0.14952,0.12626,0.10657
3.9281,3.9944,4.0296,4.0338,4.0076,3.9527,3.8712,3.7658,3.6395,3.4956,3.3374,3.1684,2.9918,2.8106,2.6274,2.4446,2.2643,2.0882,1.9177,1.7536,1.5969,1.4481,1.3076,1.1754,1.0519,0.9368,0.83021,0.73197,0.64189,0.5598,0.48546,0.41864,0.35909,0.30653,0.26071,0.22139,0.18833,0.16137,0.1404,0.12537,0.11635,0.11353,0.1172,0.12781,0.14594,0.17229,0.20768,0.253,0.3092,0.37719,0.45784,0.55184,0.65968,0.78151,0.91712,1.0658,1.2264,1.3971,1.5757,1.7591,1.9441,2.1269,2.3034,2.4693,2.6205,2.7529,2.8629,2.9474,3.0038,3.0308,3.0274,2.994,2.9317,2.8424,2.7289,2.5945,2.4432,2.2788,2.1057,1.928,1.7495,1.5737,1.4037,1.2421,1.0906,0.95082,0.82347,0.7089,0.60703,0.51742,0.43936,0.37195,0.31417,0.26496,0.22325,0.18803,0.15834,0.13334,0.11227,0.094496
3.9471,4.011,4.0432,4.0436,4.013,3.9531,3.8659,3.7542,3.6212,3.4702,3.3048,3.1285,2.9446,2.7563,2.5664,2.3776,2.1919,2.0113,1.8371,1.6704,1.5121,1.3628,1.2227,1.0921,0.97096,0.85915,0.7565,0.66275,0.57759,0.50069,0.43169,0.37022,0.3159,0.26836,0.22725,0.19225,0.16308,0.1395,0.12137,0.10862,0.10129,0.099518,0.10358,0.11388,0.13096,0.15545,0.18812,0.22979,0.28133,0.3436,0.41738,0.50333,0.60188,0.71319,0.83707,0.97288,1.1195,1.2755,1.4385,1.606,1.775,1.9419,2.1031,2.2546,2.3927,2.5136,2.6141,2.6912,2.7428,2.7674,2.7644,2.734,2.6771,2.5956,2.4921,2.3695,2.2313,2.0814,1.9234,1.7612,1.5983,1.4379,1.2828,1.1353,0.99706,0.86947,0.75323,0.64866,0.55567,0.47386,0.40258,0.34101,0.28822,0.24325,0.20511,0.17288,0.1457,0.12279,0.10347,0.087148
3.9282,3.9897,4.0191,4.0165,3.9825,3.9189,3.8277,3.7119,3.5745,3.4191,3.2491,3.0683,2.88,2.6876,2.4939,2.3018,2.1133,1.9305,1.7548,1.5874,1.4292,1.2807,1.1423,1.0141,0.896,0.78782,0.6893,0.60006,0.51969,0.44774,0.38373,0.32718,0.27763,0.23463,0.19774,0.16658,0.14083,0.12021,0.10454,0.093726,0.087765,0.086778,0.091004,0.1008,0.11666,0.13916,0.169,0.20693,0.25374,0.31022,0.37708,0.45493,0.54415,0.64491,0.75702,0.87993,1.0126,1.1537,1.3013,1.4528,1.6057,1.7568,1.9027,2.0398,2.1648,2.2743,2.3653,2.4353,2.4822,2.5047,2.5022,2.475,2.4239,2.3506,2.2573,2.1469,2.0224,1.8872,1.7449,1.5987,1.4519,1.3074,1.1676,1.0346,0.91002,0.79499,0.69015,0.59579,0.51181,0.43786,0.37334,0.31751,0.26954,0.22855,0.19368,0.16408,0.13901,0.11776,0.099732,0.084409
3.8717,3.9305,3.9574,3.9523,3.916,3.8501,3.7568,3.6388,3.4994,3.3419,3.1701,2.9875,2.7977,2.604,2.4093,2.2164,2.0277,1.8451,1.67,1.5039,1.3474,1.2012,1.0656,0.94059,0.82618,0.72208,0.62792,0.54326,0.46758,0.40037,0.34105,0.28906,0.24388,0.20497,0.17186,0.14412,0.12137,0.10333,0.089771,0.080576,0.075721,0.075296,0.079502,0.088657,0.10319,0.12364,0.15062,0.18481,0.22694,0.27771,0.33776,0.40764,0.48771,0.57811,0.67869,0.78894,0.90799,1.0345,1.1669,1.3029,1.44,1.5756,1.7065,1.8296,1.9419,2.0403,2.1221,2.1851,2.2275,2.2482,2.2465,2.2226,2.1774,2.1124,2.0296,1.9315,1.8208,1.7006,1.574,1.444,1.3134,1.1849,1.0605,0.94223,0.83139,0.72897,0.63557,0.5514,0.47639,0.41018,0.35225,0.30194,0.25851,0.22118,0.1892,0.16183,0.13841,0.11836,0.10115,0.086335
3.7788,3.8348,3.8593,3.8524,3.8147,3.7478,3.6539,3.5357,3.3964,3.2394,3.0682,2.8865,2.6979,2.5055,2.3125,2.1215,1.9349,1.7546,1.5823,1.4191,1.266,1.1234,0.99167,0.87084,0.76078,0.66119,0.57164,0.49165,0.42063,0.35799,0.30311,0.25537,0.21419,0.17899,0.14927,0.12455,0.10445,0.088646,0.076895,0.069056,0.065084,0.065039,0.06909,0.077511,0.090682,0.10908,0.13325,0.16381,0.2014,0.24665,0.30014,0.36236,0.43363,0.51408,0.60358,0.70168,0.80762,0.92023,1.038,1.159,1.2811,1.4018,1.5184,1.6281,1.7282,1.8161,1.8893,1.9458,1.984,2.003,2.0023,1.9819,1.9427,1.8861,1.8136,1.7277,1.6307,1.5254,1.4144,1.3004,1.1859,1.0732,0.96412,0.86036,0.76308,0.67312,0.59097,0.5168,0.45051,0.39179,0.34016,0.29503,0.25576,0.22168,0.19213,0.16651,0.14426,0.12488,0.10796,0.093142
3.6519,3.7049,3.7273,3.719,3.6808,3.6141,3.5211,3.4045,3.2673,3.1128,2.9447,2.7664,2.5814,2.3929,2.2039,2.0171,1.8349,1.6591,1.4914,1.333,1.1846,1.0469,0.92009,0.80422,0.69912,0.60447,0.5198,0.44457,0.37819,0.32,0.26935,0.22559,0.1881,0.15628,0.12961,0.10759,0.089812,0.075947,0.065742,0.059036,0.055764,0.055963,0.059767,0.067412,0.079228,0.095634,0.11712,0.14422,0.17751,0.21755,0.26485,0.31985,0.38284,0.45393,0.53301,0.61969,0.71329,0.81281,0.91689,1.0239,1.1319,1.2386,1.3418,1.439,1.5277,1.6057,1.6709,1.7214,1.756,1.7737,1.7741,1.7574,1.7242,1.6757,1.6135,1.5395,1.4559,1.365,1.2692,1.1709,1.0721,0.97479,0.88068,0.79109,0.70702,0.62917,0.55793,0.49339,0.43546,0.38384,0.33808,0.2977,0.26212,0.23078,0.20315,0.17873,0.15708,0.13781,0.12061,0.10521
3.4944,3.5442,3.5646,3.5554,3.5174,3.4521,3.3614,3.2479,3.1146,2.9647,2.8017,2.6289,2.4497,2.2673,2.0846,1.9042,1.7283,1.5589,1.3975,1.2453,1.1031,0.97134,0.85039,0.74023,0.64066,0.55133,0.47178,0.40144,0.33968,0.28584,0.23924,0.19923,0.16517,0.13645,0.11252,0.092906,0.077183,0.065012,0.056134,0.050378,0.047665,0.048009,0.051516,0.058386,0.068903,0.083433,0.1024,0.12629,0.1556,0.19082,0.23241,0.28075,0.3361,0.39857,0.46805,0.54422,0.62647,0.71394,0.80544,0.89953,0.99451,1.0885,1.1794,1.2651,1.3435,1.4126,1.4705,1.5157,1.5471,1.5639,1.5657,1.5526,1.5253,1.4848,1.4325,1.3701,1.2994,1.2225,1.1414,1.0582,0.9745,0.89213,0.81241,0.73647,0.66511,0.59888,0.53805,0.48268,0.43263,0.3876,0.34722,0.31105,0.2786,0.24944,0.22312,0.19928,0.17759,0.15779,0.13966,0.12305
3.3105,3.357,3.3755,3.3659,3.3288,3.2656,3.1783,3.0693,2.9415,2.7979,2.6418,2.4764,2.305,2.1306,1.9561,1.7838,1.6161,1.4546,1.301,1.1563,1.0214,0.89663,0.78235,0.67853,0.58498,0.50132,0.4271,0.36172,0.30458,0.255,0.21231,0.17585,0.14498,0.1191,0.097674,0.080217,0.066315,0.055628,0.047898,0.042948,0.040687,0.041113,0.044309,0.05044,0.059753,0.072564,0.089247,0.11022,0.13592,0.16679,0.20322,0.24555,0.29402,0.34871,0.40955,0.47625,0.5483,0.62492,0.7051,0.7876,0.87092,0.95343,1.0333,1.1088,1.178,1.2392,1.2908,1.3315,1.3603,1.3765,1.3799,1.3706,1.3492,1.3165,1.2737,1.2224,1.1641,1.1005,1.0335,0.96461,0.89543,0.82729,0.76132,0.6984,0.63915,0.58396,0.53299,0.48622,0.44348,0.40449,0.3689,0.33632,0.30639,0.27874,0.25306,0.2291,0.20666,0.1856,0.16584,0.14732
3.105,3.1481,3.1648,3.155,3.1194,3.0592,2.9763,2.873,2.7519,2.6159,2.4682,2.3118,2.1498,1.9851,1.8202,1.6576,1.4994,1.3473,1.2026,1.0666,0.93981,0.82286,0.71591,0.61896,0.5318,0.45409,0.38534,0.325,0.27245,0.22704,0.18812,0.15503,0.12715,0.1039,0.084759,0.069251,0.056974,0.047598,0.04087,0.036613,0.03473,0.035206,0.038105,0.043566,0.0518,0.063081,0.077737,0.096134,0.11866,0.14568,0.17757,0.21462,0.25703,0.30489,0.35813,0.41651,0.47958,0.54669,0.61695,0.68928,0.76241,0.83491,0.90524,0.97182,1.0331,1.0875,1.1338,1.1708,1.1976,1.2138,1.2191,1.2136,1.1979,1.1728,1.1392,1.0984,1.0519,1.0011,0.94737,0.89218,0.83674,0.78212,0.72921,0.67864,0.63086,0.58608,0.54435,0.50558,0.46954,0.43596,0.40451,0.37487,0.34675,0.31988,0.29409,0.26924,0.24527,0.22216,0.19996,0.17874
2.8831,2.9228,2.9378,2.9282,2.8945,2.8378,2.7601,2.6632,2.5499,2.4227,2.2846,2.1384,1.987,1.8331,1.6792,1.5274,1.3798,1.238,1.1033,0.97668,0.85887,0.7503,0.65117,0.56147,0.48099,0.40939,0.34622,0.29093,0.24294,0.20161,0.16631,0.13643,0.11136,0.090554,0.073505,0.059765,0.048949,0.040742,0.034899,0.03125,0.029697,0.030216,0.032857,0.037739,0.045042,0.055008,0.067924,0.08411,0.10391,0.12765,0.15565,0.18818,0.22541,0.26742,0.31417,0.36545,0.42087,0.47986,0.54167,0.60536,0.66983,0.73386,0.79611,0.85523,0.90987,0.95875,1.0008,1.0349,1.0605,1.0771,1.0846,1.0832,1.0731,1.0553,1.0305,0.99983,0.96451,0.92572,0.88466,0.84243,0.80001,0.75821,0.71766,0.67877,0.6418,0.60679,0.57368,0.54228,0.51231,0.48348,0.4555,0.42808,0.40101,0.37415,0.34743,0.32083,0.29446,0.26842,0.24291,0.21812
2.6503,2.6864,2.6999,2.6906,2.6591,2.6065,2.5344,2.4448,2.3399,2.2223,2.0946,1.9595,1.8196,1.6774,1.5353,1.3952,1.2591,1.1283,1.0041,0.88752,0.77913,0.67935,0.58837,0.50615,0.43251,0.36712,0.30955,0.25928,0.21576,0.1784,0.14659,0.11976,0.097331,0.078796,0.063676,0.051548,0.042055,0.034899,0.02985,0.026747,0.025496,0.026072,0.028513,0.032923,0.039462,0.048342,0.059819,0.074178,0.09172,0.11275,0.13754,0.16632,0.19928,0.23647,0.27787,0.32329,0.3724,0.42472,0.47959,0.5362,0.5936,0.65073,0.70646,0.7596,0.80901,0.85361,0.89243,0.92468,0.94979,0.96741,0.97745,0.98008,0.9757,0.96495,0.94861,0.9276,0.90293,0.87558,0.8465,0.81656,0.78649,0.75683,0.72798,0.70014,0.67335,0.64752,0.62242,0.59776,0.57323,0.54849,0.52326,0.49732,0.47052,0.44282,0.41428,0.38503,0.3553,0.32538,0.29559,0.26629
2.4117,2.4444,2.4564,2.4476,2.4186,2.3704,2.3043,2.2223,2.1263,2.0187,1.902,1.7785,1.6507,1.5208,1.391,1.2631,1.1388,1.0195,0.90625,0.79999,0.70128,0.6105,0.52781,0.45317,0.38641,0.32722,0.2752,0.22988,0.19072,0.15719,0.12872,0.10478,0.084837,0.068415,0.055073,0.044422,0.036132,0.029929,0.025602,0.023002,0.022043,0.022702,0.025014,0.029072,0.035021,0.043054,0.053402,0.066322,0.082088,0.10097,0.12323,0.14907,0.17865,0.21204,0.24922,0.29004,0.3342,0.38129,0.43074,0.48184,0.53377,0.5856,0.63634,0.685,0.73057,0.77215,0.80891,0.84022,0.86559,0.88478,0.89774,0.90467,0.90596,0.90217,0.89401,0.88226,0.86775,0.85129,0.83362,0.81537,0.79703,0.77892,0.7612,0.74384,0.72668,0.70946,0.69181,0.67332,0.6536,0.63229,0.60911,0.58388,0.55652,0.5271,0.4958,0.46292,0.42883,0.39398,0.35888,0.32402
2.1725,2.2018,2.2124,2.2043,2.1779,2.1342,2.0743,2.0001,1.9132,1.816,1.7104,1.5987,1.4832,1.3658,1.2485,1.133,1.0207,0.91301,0.81085,0.71502,0.62605,0.54429,0.46986,0.40276,0.3428,0.28972,0.24314,0.20261,0.16767,0.13781,0.11252,0.091306,0.07369,0.059231,0.047531,0.038236,0.031045,0.025713,0.02205,0.019923,0.019259,0.020039,0.0223,0.026132,0.03167,0.039096,0.048622,0.060489,0.07495,0.092257,0.11265,0.13632,0.16342,0.19402,0.2281,0.26554,0.30609,0.34937,0.39489,0.44202,0.49004,0.53813,0.58543,0.63107,0.6742,0.71401,0.74985,0.78116,0.80758,0.82893,0.84523,0.8567,0.86372,0.86682,0.86662,0.86381,0.85908,0.85306,0.84632,0.83926,0.83216,0.8251,0.81801,0.81065,0.80266,0.79356,0.78285,0.76999,0.75451,0.736,0.71417,0.68886,0.6601,0.62805,0.59302,0.55546,0.51594,0.47507,0.43354,0.39203
1.9373,1.9633,1.9726,1.9652,1.9415,1.9023,1.8487,1.7822,1.7045,1.6175,1.523,1.4232,1.3199,1.2149,1.11,1.0068,0.90649,0.81027,0.71905,0.63351,0.55413,0.48123,0.41492,0.35517,0.30184,0.25468,0.21334,0.17743,0.14651,0.12014,0.097846,0.07919,0.063741,0.051102,0.040915,0.032864,0.026681,0.02215,0.019104,0.017431,0.017071,0.018017,0.02031,0.024043,0.029348,0.036401,0.045407,0.056595,0.070208,0.086485,0.10565,0.1279,0.15338,0.18216,0.21423,0.24948,0.28769,0.32854,0.37157,0.41622,0.46184,0.50771,0.55306,0.59712,0.63913,0.67843,0.71443,0.74669,0.77494,0.79907,0.81916,0.83545,0.84833,0.8583,0.86593,0.87184,0.87659,0.88068,0.88448,0.88823,0.89198,0.89559,0.89876,0.90102,0.9018,0.90043,0.89622,0.88852,0.87674,0.86042,0.83925,0.81312,0.7821,0.74648,0.70672,0.66342,0.61735,0.56932,0.5202,0.47088
1.7102,1.733,1.7411,1.7345,1.7134,1.6786,1.6311,1.5723,1.5035,1.4264,1.3429,1.2545,1.1631,1.0703,0.9775,0.88618,0.7975,0.71245,0.63183,0.55626,0.48616,0.42181,0.36332,0.31065,0.26367,0.22216,0.18581,0.15428,0.12716,0.10407,0.084585,0.068313,0.054872,0.043911,0.035114,0.028204,0.022946,0.019153,0.016686,0.015454,0.015414,0.016573,0.018982,0.02274,0.027984,0.03489,0.043663,0.054529,0.067727,0.083494,0.10205,0.12359,0.14826,0.17613,0.20721,0.2414,0.2785,0.31821,0.36012,0.4037,0.44837,0.49346,0.53828,0.58211,0.62431,0.66427,0.7015,0.73564,0.76649,0.79402,0.81836,0.83978,0.85868,0.87558,0.891,0.90549,0.91952,0.93347,0.94756,0.96184,0.97616,0.99017,1.0033,1.0149,1.0242,1.0302,1.0322,1.0292,1.0207,1.006,0.98481,0.9571,0.92299,0.88288,0.83736,0.78725,0.73349,0.67712,0.61923,0.56091
1.4944,1.5143,1.5213,1.5154,1.4969,1.4664,1.4248,1.3732,1.3129,1.2455,1.1723,1.0949,1.0149,0.93365,0.85246,0.77254,0.69495,0.62054,0.55003,0.48395,0.42268,0.36646,0.31537,0.2694,0.22842,0.19224,0.16058,0.13314,0.10958,0.089533,0.072651,0.058579,0.046986,0.037564,0.030038,0.02417,0.019759,0.01665,0.01473,0.01393,0.014228,0.015647,0.018253,0.022154,0.0275,0.034471,0.04328,0.054157,0.067345,0.083086,0.1016,0.1231,0.14771,0.17554,0.20658,0.24075,0.27787,0.31766,0.35971,0.40355,0.44861,0.49427,0.53987,0.58477,0.62836,0.6701,0.70957,0.74647,0.78068,0.81222,0.84127,0.86815,0.8933,0.91723,0.94045,0.96346,0.98667,1.0103,1.0346,1.0592,1.0839,1.1082,1.1311,1.1519,1.1695,1.1827,1.1905,1.1919,1.1862,1.1726,1.1508,1.1208,1.0828,1.0373,0.98501,0.92701,0.86443,0.79855,0.7307,0.66219
1.2926,1.3098,1.3158,1.3106,1.2946,1.2681,1.232,1.1873,1.1351,1.0766,1.0132,0.94621,0.87688,0.80648,0.73616,0.66695,0.59976,0.53534,0.4743,0.41711,0.3641,0.31547,0.2713,0.23157,0.19618,0.16494,0.13764,0.11399,0.0937,0.076464,0.061968,0.04991,0.040002,0.03198,0.025611,0.020691,0.017056,0.01458,0.013177,0.012802,0.013456,0.01518,0.018058,0.022214,0.02781,0.035042,0.044133,0.055326,0.068876,0.085033,0.10403,0.12608,0.15134,0.17989,0.21176,0.24688,0.28506,0.32602,0.3694,0.4147,0.46138,0.50884,0.55645,0.60358,0.64967,0.69423,0.73687,0.77737,0.81564,0.85177,0.88599,0.91868,0.95032,0.98142,1.0125,1.0441,1.0764,1.1097,1.144,1.1789,1.214,1.2484,1.2811,1.3109,1.3366,1.3568,1.3703,1.3759,1.3725,1.3596,1.3366,1.3037,1.261,1.2092,1.1492,1.0823,1.0098,0.93327,0.8543,0.77445
1.1068,1.1215,1.1266,1.1221,1.1083,1.0856,1.0546,1.0163,0.97148,0.92136,0.86699,0.80954,0.7501,0.68975,0.62948,0.57016,0.51257,0.45737,0.40508,0.35609,0.3107,0.26906,0.23126,0.19726,0.16699,0.1403,0.11697,0.096783,0.079481,0.064799,0.052469,0.042234,0.03385,0.027093,0.021768,0.017708,0.01478,0.012889,0.011975,0.01202,0.013046,0.015116,0.018334,0.022843,0.028825,0.036492,0.046086,0.057869,0.07211,0.089078,0.10903,0.13217,0.15868,0.18867,0.22215,0.25906,0.29922,0.34236,0.38808,0.43593,0.48533,0.5357,0.5864,0.63683,0.68643,0.73473,0.7814,0.82624,0.86921,0.91047,0.95031,0.98915,1.0275,1.066,1.105,1.1452,1.1867,1.2297,1.274,1.3191,1.3645,1.409,1.4514,1.4902,1.524,1.5512,1.5701,1.5795,1.5783,1.5656,1.541,1.5045,1.4564,1.3975,1.3289,1.2521,1.1687,1.0805,0.9893,0.89702
0.93805,0.95047,0.95478,0.95096,0.93921,0.91992,0.89364,0.8611,0.8231,0.78057,0.73444,0.68569,0.63526,0.58407,0.53293,0.48262,0.43378,0.38696,0.34262,0.30108,0.2626,0.22731,0.19528,0.16649,0.14086,0.11827,0.098534,0.081471,0.066858,0.054472,0.044088,0.035487,0.028467,0.022843,0.018454,0.015167,0.012882,0.011529,0.011079,0.011536,0.012948,0.015399,0.019016,0.023964,0.030448,0.038702,0.048992,0.0616,0.076821,0.094944,0.11624,0.14095,0.16926,0.20128,0.23704,0.27649,0.31943,0.3656,0.41458,0.4659,0.51899,0.57322,0.62796,0.6826,0.73658,0.78945,0.84089,0.89072,0.93898,0.98585,1.0317,1.077,1.1223,1.1682,1.2154,1.2642,1.3149,1.3675,1.4219,1.4773,1.533,1.5876,1.6397,1.6876,1.7294,1.7634,1.7877,1.8008,1.8014,1.7886,1.7619,1.7212,1.6671,1.6004,1.5225,1.4349,1.3397,1.2388,1.1345,1.0288
0.78699,0.7974,0.801,0.79778,0.78789,0.77168,0.74961,0.72227,0.69036,0.65464,0.61591,0.57497,0.53263,0.48964,0.44671,0.40447,0.36347,0.32418,0.28696,0.2521,0.21981,0.19021,0.16334,0.1392,0.11772,0.098783,0.082259,0.067977,0.055757,0.045412,0.036754,0.029604,0.023794,0.019174,0.015617,0.013022,0.011316,0.010459,0.010446,0.011307,0.013112,0.015972,0.020037,0.025496,0.032579,0.041548,0.052693,0.066325,0.082765,0.10233,0.12531,0.15198,0.18253,0.21709,0.2557,0.2983,0.3447,0.39461,0.44761,0.50319,0.56075,0.61965,0.67923,0.73885,0.79794,0.85605,0.91287,0.96826,1.0223,1.0751,1.1273,1.1793,1.2318,1.2853,1.3407,1.3981,1.4581,1.5204,1.5848,1.6505,1.7165,1.7812,1.843,1.8999,1.9498,1.9905,2.02,2.0366,2.0389,2.0257,1.9965,1.9513,1.8906,1.8156,1.7276,1.6286,1.5207,1.4064,1.2881,1.1682
0.65357,0.6622,0.66518,0.66249,0.65427,0.64079,0.62244,0.59971,0.57319,0.5435,0.51131,0.47729,0.4421,0.40638,0.37071,0.33561,0.30154,0.2689,0.23798,0.20903,0.18221,0.15762,0.13532,0.11528,0.097449,0.081743,0.068042,0.056207,0.046091,0.037539,0.030397,0.024519,0.01977,0.016033,0.01321,0.011228,0.010043,0.0096388,0.010036,0.011289,0.013492,0.016781,0.02133,0.027355,0.035114,0.044896,0.057023,0.071836,0.089685,0.11092,0.13585,0.16478,0.19793,0.23543,0.27733,0.32358,0.37397,0.42818,0.48579,0.54625,0.60892,0.67312,0.73815,0.80335,0.86812,0.932,0.99468,1.056,1.1162,1.1754,1.2341,1.293,1.3527,1.414,1.4775,1.5437,1.6128,1.6848,1.7592,1.8352,1.9114,1.9863,2.0577,2.1235,2.1813,2.2287,2.2634,2.2834,2.287,2.2732,2.2412,2.1911,2.1236,2.0397,1.9411,1.8301,1.7091,1.5808,1.4479,1.3133
0.53727,0.54436,0.54679,0.54457,0.5378,0.52671,0.51161,0.49292,0.4711,0.44668,0.4202,0.39222,0.36328,0.3339,0.30456,0.27569,0.24768,0.22083,0.19541,0.1716,0.14956,0.12935,0.11101,0.094547,0.079902,0.067004,0.055758,0.046051,0.037762,0.030766,0.024939,0.020165,0.016338,0.013369,0.011187,0.0097453,0.0090237,0.0090314,0.0098111,0.011442,0.014041,0.017769,0.022826,0.029456,0.037943,0.04861,0.061809,0.077914,0.097309,0.12037,0.14746,0.17887,0.21487,0.2556,0.30112,0.35135,0.40611,0.46505,0.52769,0.59346,0.66169,0.73164,0.80257,0.87377,0.94463,1.0146,1.0835,1.1511,1.2176,1.2833,1.3487,1.4145,1.4816,1.5506,1.6222,1.6971,1.7753,1.8569,1.9412,2.0272,2.1136,2.1984,2.2794,2.354,2.4196,2.4736,2.5133,2.5365,2.5414,2.5268,2.4918,2.4366,2.3619,2.2689,2.1595,2.0362,1.9017,1.759,1.6113,1.4615
0.43718,0.44294,0.44492,0.44311,0.43759,0.42856,0.41626,0.40104,0.38328,0.3634,0.34184,0.31906,0.2955,0.27158,0.2477,0.2242,0.2014,0.17955,0.15886,0.13948,0.12154,0.1051,0.090187,0.076793,0.064883,0.054399,0.045261,0.037381,0.030661,0.025,0.020301,0.016474,0.013439,0.011131,0.0095042,0.0085341,0.0082229,0.0086019,0.0097359,0.011726,0.014713,0.018881,0.024456,0.031709,0.040956,0.052549,0.066874,0.084338,0.10536,0.13035,0.1597,0.19374,0.23273,0.27687,0.32619,0.38063,0.43998,0.50388,0.57181,0.64316,0.71721,0.79317,0.87024,0.94769,1.0248,1.1012,1.1764,1.2504,1.3233,1.3955,1.4676,1.5404,1.6146,1.6912,1.7709,1.8542,1.9414,2.0323,2.1262,2.2222,2.3185,2.413,2.5033,2.5865,2.6598,2.7201,2.7646,2.7909,2.797,2.7814,2.7434,2.683,2.6009,2.4987,2.3785,2.2428,2.0948,1.9377,1.775,1.61
0.35213,0.35677,0.35836,0.3569,0.35245,0.34517,0.33526,0.32299,0.30868,0.29266,0.27529,0.25693,0.23795,0.21868,0.19943,0.1805,0.16213,0.14452,0.12786,0.11225,0.097799,0.084557,0.072546,0.061762,0.052176,0.04374,0.036392,0.030062,0.024671,0.020142,0.0164,0.013377,0.011015,0.0092712,0.0081197,0.0075573,0.0076059,0.008317,0.0097753,0.012103,0.015463,0.020061,0.02615,0.034029,0.044041,0.05657,0.072036,0.09088,0.11355,0.14051,0.17215,0.20885,0.2509,0.29849,0.35168,0.4104,0.47441,0.54334,0.61663,0.69364,0.77357,0.8556,0.93888,1.0226,1.1061,1.1888,1.2703,1.3506,1.4299,1.5086,1.5872,1.6667,1.748,1.832,1.9194,2.0108,2.1066,2.2065,2.3098,2.4152,2.5211,2.625,2.7242,2.8157,2.8963,2.9627,3.0119,3.0411,3.0481,3.0315,2.9904,2.9248,2.8356,2.7244,2.5934,2.4455,2.2842,2.113,1.9356,1.7557
0.28075,0.28445,0.28571,0.28454,0.28099,0.27518,0.26728,0.2575,0.24608,0.2333,0.21945,0.20481,0.18967,0.1743,0.15895,0.14386,0.12921,0.11517,0.10187,0.089432,0.07791,0.067353,0.057779,0.049185,0.041547,0.034829,0.028982,0.02395,0.019674,0.016095,0.013155,0.010806,0.0090098,0.007741,0.0069927,0.0067792,0.0071401,0.0081447,0.009896,0.012535,0.016245,0.021255,0.027841,0.036327,0.047086,0.060531,0.077115,0.097313,0.12161,0.15049,0.18439,0.22371,0.26876,0.31974,0.37672,0.43963,0.50823,0.58209,0.66064,0.74318,0.82888,0.91685,1.0062,1.096,1.1857,1.2745,1.3622,1.4486,1.5341,1.6189,1.7038,1.7898,1.8777,1.9686,2.0634,2.1626,2.2665,2.3748,2.4869,2.6013,2.7162,2.8289,2.9366,3.036,3.1234,3.1956,3.2491,3.281,3.2889,3.2713,3.2271,3.1566,3.0604,2.9405,2.7992,2.6397,2.4656,2.2808,2.0894,1.8953
0.22157,0.22448,0.22548,0.22456,0.22175,0.21717,0.21093,0.2032,0.19419,0.1841,0.17317,0.16161,0.14966,0.13753,0.12541,0.1135,0.10193,0.09085,0.080359,0.070539,0.061446,0.053115,0.045562,0.038782,0.032759,0.027465,0.022861,0.018905,0.015552,0.012758,0.010483,0.0086939,0.0073674,0.006495,0.0060847,0.0061663,0.0067949,0.0080551,0.010067,0.012987,0.017019,0.022411,0.029462,0.038519,0.049982,0.064295,0.081937,0.10342,0.12925,0.15995,0.19599,0.2378,0.28569,0.33989,0.40047,0.46735,0.54028,0.61882,0.70235,0.79013,0.88129,0.97487,1.0699,1.1656,1.261,1.3556,1.4491,1.5413,1.6324,1.723,1.8138,1.9057,1.9998,2.0972,2.1987,2.305,2.4164,2.5326,2.6527,2.7754,2.8986,3.0195,3.135,3.2415,3.3353,3.4127,3.4702,3.5045,3.5133,3.4946,3.4476,3.3724,3.2698,3.1417,2.9908,2.8205,2.6345,2.4371,2.2326,2.0251
0.17309,0.17536,0.17614,0.17542,0.17323,0.16964,0.16477,0.15873,0.15169,0.14381,0.13526,0.12623,0.11689,0.10741,0.09795,0.088639,0.079603,0.070946,0.06275,0.055078,0.047975,0.041469,0.03557,0.030277,0.025577,0.021447,0.017861,0.014786,0.012189,0.010038,0.0083075,0.0069767,0.0060361,0.0054899,0.0053595,0.0056873,0.0065415,0.0080204,0.010258,0.013426,0.017745,0.02348,0.03095,0.040526,0.052629,0.067729,0.086336,0.10898,0.13622,0.16858,0.20657,0.25064,0.30112,0.35825,0.42211,0.49261,0.56949,0.65229,0.74036,0.83291,0.92903,1.0277,1.128,1.2289,1.3296,1.4295,1.5281,1.6255,1.7218,1.8176,1.9136,2.0109,2.1106,2.2137,2.3213,2.434,2.552,2.6752,2.8026,2.9326,3.0632,3.1913,3.3138,3.4267,3.5262,3.6083,3.6693,3.7059,3.7153,3.6957,3.6461,3.5666,3.4582,3.3228,3.1632,2.9831,2.7864,2.5777,2.3614,2.142
0.13384,0.1356,0.1362,0.13564,0.13395,0.13117,0.1274,0.12274,0.11729,0.11119,0.10458,0.0976,0.090379,0.083048,0.075728,0.068527,0.061539,0.054845,0.048507,0.042574,0.037082,0.032052,0.027492,0.023402,0.019772,0.016586,0.013823,0.01146,0.0094746,0.0078448,0.0065545,0.0055949,0.0049671,0.004686,0.0047836,0.0053133,0.0063539,0.0080152,0.010442,0.013822,0.018386,0.024417,0.032249,0.042273,0.054931,0.070716,0.090159,0.11382,0.14228,0.17608,0.21577,0.26179,0.31453,0.3742,0.44091,0.51456,0.59487,0.68136,0.77337,0.87007,0.97049,1.0736,1.1784,1.2838,1.3891,1.4935,1.5967,1.6986,1.7993,1.8996,2.0001,2.1021,2.2065,2.3146,2.4273,2.5454,2.6692,2.7984,2.9319,3.0683,3.2052,3.3396,3.468,3.5864,3.6908,3.7769,3.8409,3.8793,3.8892,3.8688,3.817,3.7339,3.6204,3.4787,3.3117,3.1231,2.9173,2.6987,2.4722,2.2426
0.10244,0.10379,0.10425,0.10382,0.10252,0.1004,0.097514,0.09394,0.089771,0.085104,0.080045,0.074699,0.06917,0.063558,0.057955,0.052443,0.047094,0.041969,0.037118,0.032577,0.028374,0.024525,0.021037,0.017909,0.015135,0.012703,0.010599,0.0088056,0.0073085,0.0060948,0.0051566,0.0044937,0.0041159,0.0040469,0.0043271,0.0050185,0.0062088,0.0080169,0.010598,0.014148,0.018911,0.025182,0.033309,0.043698,0.056808,0.07315,0.093275,0.11776,0.14721,0.18219,0.22326,0.27088,0.32545,0.3872,0.45623,0.53244,0.61554,0.70505,0.80026,0.90033,1.0043,1.111,1.2195,1.3286,1.4376,1.5457,1.6525,1.758,1.8624,1.9663,2.0705,2.1762,2.2844,2.3965,2.5135,2.636,2.7644,2.8983,3.0369,3.1784,3.3204,3.4598,3.593,3.7159,3.8242,3.9136,3.98,4.0198,4.0302,4.0092,3.9555,3.8694,3.7518,3.605,3.432,3.2366,3.0233,2.7968,2.5621,2.3241
0.077617,0.078638,0.078986,0.07866,0.077677,0.076068,0.07388,0.071172,0.068012,0.064476,0.060642,0.056591,0.052402,0.04815,0.043904,0.039728,0.035675,0.031792,0.028117,0.024677,0.021493,0.018578,0.015936,0.01357,0.011472,0.0096365,0.0080523,0.0067094,0.0055984,0.0047132,0.0040528,0.0036238,0.0034428,0.0035402,0.0039631,0.0047802,0.0060861,0.0080065,0.010704,0.014382,0.019294,0.025743,0.034089,0.044747,0.058192,0.074944,0.095572,0.12067,0.15085,0.1867,0.22878,0.27759,0.33351,0.39679,0.46753,0.54563,0.63079,0.72252,0.8201,0.92265,1.0292,1.1386,1.2497,1.3616,1.4733,1.5842,1.6937,1.8019,1.9089,2.0155,2.1224,2.2308,2.3419,2.4569,2.577,2.7027,2.8345,2.972,3.1143,3.2595,3.4053,3.5484,3.6851,3.8113,3.9224,4.0142,4.0824,4.1234,4.1341,4.1125,4.0575,3.9692,3.8487,3.6981,3.5206,3.3202,3.1013,2.869,2.6283,2.3841
0.058209,0.058975,0.059236,0.058991,0.058254,0.057047,0.055406,0.053375,0.051005,0.048352,0.045477,0.042439,0.039297,0.036108,0.032923,0.029791,0.026751,0.023839,0.021083,0.018504,0.016116,0.013931,0.011952,0.01018,0.0086114,0.0072415,0.0060638,0.0050723,0.0042625,0.0036335,0.0031893,0.0029417,0.0029127,0.0031376,0.0036686,0.0045791,0.0059687,0.0079679,0.010744,0.014507,0.019514,0.026075,0.034556,0.045381,0.05903,0.076035,0.096969,0.12244,0.15306,0.18944,0.23215,0.28167,0.33841,0.40263,0.47441,0.55366,0.64008,0.73316,0.83218,0.93625,1.0443,1.1554,1.2682,1.3817,1.4951,1.6076,1.7188,1.8286,1.9373,2.0455,2.154,2.2641,2.377,2.4938,2.6157,2.7435,2.8774,3.0171,3.1616,3.3091,3.4572,3.6026,3.7415,3.8696,3.9826,4.0758,4.1451,4.1867,4.1977,4.1758,4.12,4.0303,3.9079,3.755,3.5748,3.3713,3.1491,2.9132,2.6688,2.4209
0.043212,0.04378,0.043973,0.043792,0.043244,0.042348,0.04113,0.039622,0.037862,0.035893,0.033759,0.031503,0.02917,0.026803,0.024439,0.022113,0.019857,0.017695,0.015649,0.013735,0.011963,0.010342,0.0088747,0.0075619,0.0064019,0.0053917,0.0045277,0.0038074,0.0032298,0.0027976,0.0025192,0.0024099,0.0024956,0.002815,0.0034241,0.0043993,0.0058432,0.0078891,0.010707,0.01451,0.019557,0.026161,0.034692,0.045574,0.059292,0.076379,0.097413,0.123,0.15377,0.19032,0.23322,0.28298,0.33998,0.4045,0.47661,0.55623,0.64306,0.73657,0.83605,0.94061,1.0492,1.1608,1.2741,1.3882,1.5021,1.6151,1.7269,1.8373,1.9465,2.0552,2.1643,2.275,2.3884,2.5059,2.6285,2.7569,2.8915,3.032,3.1772,3.3256,3.4745,3.6207,3.7603,3.8892,4.0027,4.0964,4.1661,4.208,4.219,4.197,4.141,4.0509,3.9279,3.7742,3.5931,3.3885,3.1652,2.9281,2.6824,2.4332
